prom_own	prom_other	prom_total	symbol_key
0.0	0.025367660976542212	0.025367660976542212	AAGAB
0.0	0.10408621650597316	0.10408621650597316	AARD
0.0	0.6951142996673322	0.6951142996673322	AARS1
0.0	0.6816579793766513	0.6816579793766513	AARSD1
0.0	0.6213902207813019	0.6213902207813019	AASDH
0.0	0.3357287544456943	0.3357287544456943	AASDHPPT
0.0	0.1554970124546191	0.1554970124546191	ABCB7
0.3659425554672691	0.21937684214150377	0.5853193976087729	ABCC1
0.0	0.021404451920674195	0.021404451920674195	ABCD2
0.0	0.5342952318708958	0.5342952318708958	ABCE1
0.0	0.5583408756837809	0.5583408756837809	ABHD14A
0.27711218669609383	0.11775939975352559	0.3948715864496194	ABHD15
0.20671411202678108	0.15122980976043415	0.35794392178721524	ABITRAM
0.06910588787672364	0.5087250873225623	0.577830975199286	ACAD10
0.0	0.5081417144869076	0.5081417144869076	ACAP3
0.0	0.2523116369087519	0.2523116369087519	ACAT1
0.23541338730021177	0.0554157047102077	0.29082909201041945	ACBD6
0.0	0.4718811374818366	0.4718811374818366	ACLY
0.0	0.14588991016707245	0.14588991016707245	ACSL1
0.0	0.07847087862113619	0.07847087862113619	ACSS1
0.3610501680579799	0.3257682281608812	0.6868183962188611	ACTL10
0.22138070730971351	0.31030748251948176	0.5316881898291953	ACTL6A
0.0	0.2894012655901697	0.2894012655901697	ACTR2
0.0	0.409617641767674	0.409617641767674	ADAM10
0.0	0.0	0.0	ADAM19
0.0	0.3008585669976181	0.3008585669976181	ADAT2
0.0	0.7193491754318917	0.7193491754318917	ADGRE5
0.0	0.055798909010589176	0.055798909010589176	ADGRG1
0.0	0.5701286986621907	0.5701286986621907	ADIPOR1
0.4122477869078469	0.20599990301865506	0.6182476899265019	ADNP
0.0	0.18263299284251805	0.18263299284251805	ADO
0.3515467399444278	0.07405486549161792	0.42560160543604575	ADPRM
0.0	0.27932218725611707	0.27932218725611707	AEN
0.0	0.0	0.0	AFAP1
0.12128534059381829	0.1483698727547238	0.2696552133485421	AFG2B
0.0	0.20941114451956744	0.20941114451956744	AGK
0.0	0.33721457591244214	0.33721457591244214	AGPAT2
0.0	0.19987671279405106	0.19987671279405106	AGTRAP
0.16193451622198607	0.19574348128382704	0.3576779975058131	AK8
0.5115877326759876	0.13009138293124978	0.6416791156072373	AKAP8
0.0	0.5495051568763085	0.5495051568763085	AKAP9
0.28609510657215337	0.31459280173608134	0.6006879083082347	AKIRIN1
0.38560642024488556	0.06006346061502436	0.44566988085990994	AKNA
0.0	0.10299395221567698	0.10299395221567698	AKR1B1
0.08415634804295098	0.31360249916952343	0.3977588472124744	ALAS1
0.28964288802668964	0.0	0.28964288802668964	ALCAM
0.05646197000872326	0.29325018686472015	0.3497121568734434	ALDH9A1
0.0	0.2564166225541088	0.2564166225541088	ALG1
0.0	0.25840190186056694	0.25840190186056694	ALG14
0.0587698811402281	0.6498567315080725	0.7086266126483006	ALG8
0.0	0.6094959679556046	0.6094959679556046	ALKBH1
0.0	0.2816333261073442	0.2816333261073442	ALKBH3
0.2428267090056826	0.17971831632606988	0.4225450253317525	ALKBH5
0.0	0.31398847876188185	0.31398847876188185	AMBRA1
0.0	0.3120951796932661	0.3120951796932661	AMDHD1
0.17059725683923338	0.3766659928381234	0.5472632496773568	AMDHD2
0.0	0.3029562679336542	0.3029562679336542	ANAPC7
0.0	0.2773762468860923	0.2773762468860923	ANGPTL4
0.0	0.7961301726225208	0.7961301726225208	ANKIB1
0.0	0.283054322055089	0.283054322055089	ANKRD16
0.0	0.6028733471339015	0.6028733471339015	ANKRD37
0.0	0.44178635281869477	0.44178635281869477	ANKRD40
0.0	0.101687958070988	0.101687958070988	ANKS6
0.0	0.43546466794291416	0.43546466794291416	ANP32B
0.41204177046089835	0.0	0.41204177046089835	ANXA1
0.0	0.0	0.0	AOAH
0.0	0.3231224074633265	0.3231224074633265	AP1G1
0.0	0.848901303666086	0.848901303666086	AP2M1
0.0	0.6098442456965482	0.6098442456965482	AP3B1
0.5998083543706177	0.09734972051943354	0.6971580748900513	APBA3
0.0	0.3305606354528576	0.3305606354528576	APC
0.0	0.3487297975849746	0.3487297975849746	APEX2
0.0	0.06098140344128652	0.06098140344128652	APIP
0.17029247657866284	0.18970041259244436	0.35999288917110717	APLP2
0.0	0.295794388903611	0.295794388903611	APOBEC3B
0.0	0.26875708417935956	0.26875708417935956	APOL4
0.0	0.4120470205602677	0.4120470205602677	ARAF
0.0	0.20754551525918005	0.20754551525918005	ARAP1
0.0	0.027850926038527193	0.027850926038527193	AREG
0.0	0.20783564302921795	0.20783564302921795	ARFGAP3
0.0	0.2579061184050747	0.2579061184050747	ARFIP1
0.0	0.39983919695436065	0.39983919695436065	ARFRP1
0.46583656580413274	0.26191940042246575	0.7277559662265984	ARHGAP30
0.0	0.49125854239694006	0.49125854239694006	ARHGAP33
0.0	0.6733401724823699	0.6733401724823699	ARHGDIA
0.0	0.07055700620854112	0.07055700620854112	ARHGEF3
0.2088320469901101	0.4442684061539086	0.6531004531440188	ARHGEF39
0.0	0.6170289765930532	0.6170289765930532	ARHGEF6
0.0	0.06603741310824485	0.06603741310824485	ARID2
0.20012720630408784	0.31508290516076903	0.5152101114648568	ARID3A
0.0	0.03979214145448766	0.03979214145448766	ARL14EP
0.0	0.6160087538022846	0.6160087538022846	ARL2
0.0	0.01648873738220172	0.01648873738220172	ARL4C
0.0	0.12816537696826352	0.12816537696826352	ARL8A
0.0	1.0	1.0	ARMC6
0.0	0.6632307393219113	0.6632307393219113	ARMCX3
0.3033837969002021	0.4233000503159647	0.7266838472161667	ARPC2
0.0587833247404835	0.1088890056263561	0.1676723303668396	ARRDC2
0.536809520141822	0.1551506503624547	0.6919601705042767	ASAP1
0.0	0.04264468012055624	0.04264468012055624	ASB1
			ASB9
0.0	0.2513577203850227	0.2513577203850227	ASCC2
0.0	0.5629552453159177	0.5629552453159177	ASH1L
0.0	0.46440341350342773	0.46440341350342773	ATAD5
0.0	0.5556451715194293	0.5556451715194293	ATAT1
0.0	0.43308857748857094	0.43308857748857094	ATF5
0.09588044199089917	0.8238015152887405	0.9196819572796396	ATF6B
0.0	0.11789421482753598	0.11789421482753598	ATG14
0.0	0.2044309706682858	0.2044309706682858	ATG4A
0.0	0.8226432671703036	0.8226432671703036	ATG9A
0.0	0.06938345812586025	0.06938345812586025	ATL2
0.0	0.13923960221694445	0.13923960221694445	ATL3
0.3073175036761233	0.13932413438442012	0.44664163806054347	ATM
0.30505923712323835	0.16507114764828953	0.4701303847715279	ATP11A
0.08902768671807307	0.031038742548951163	0.12006642926702424	ATP2B1
0.0	0.05991626639814615	0.05991626639814615	ATP2B4
0.0	0.412557231928231	0.412557231928231	ATP5F1E
0.0	0.11290041424130332	0.11290041424130332	ATP5MC2
0.2844867567859778	0.43056729602830834	0.7150540528142861	ATP5MF
0.0	0.4909322421564382	0.4909322421564382	ATP5MK
0.0	0.2038498876991695	0.2038498876991695	ATP5PD
0.21466870134878716	0.137111759769089	0.35178046111787614	ATP5PO
0.29098861589216407	0.5349823081550614	0.8259709240472255	ATP6V1A
0.0	0.12997537570944676	0.12997537570944676	ATP7A
0.0	0.26290806370162223	0.26290806370162223	ATPSCKMT
0.0	0.33135218949814327	0.33135218949814327	ATR
0.0	0.5855556752299705	0.5855556752299705	ATRAID
0.08027853296216227	0.47692960349950936	0.5572081364616717	ATRIP
0.2462111063535443	0.4865051511236862	0.7327162574772305	ATXN2L
0.10756987561025921	0.545877240169011	0.6534471157792702	ATXN7L3
0.48547622051974676	0.07682272526453908	0.5622989457842859	AZIN1
0.0	0.03135319499040981	0.03135319499040981	B3GALT2
0.0	0.42553478047716226	0.42553478047716226	B3GALT9
0.0	0.1777100275810548	0.1777100275810548	B3GNT9
0.2567465355168854	0.1813049897014262	0.4380515252183116	B4GALT1
0.0	0.7857928181078443	0.7857928181078443	B4GALT2
0.18068678688475012	0.3481428017069129	0.5288295885916631	B4GALT4
0.0	0.07443607998470624	0.07443607998470624	B9D1
0.0	0.1739432624885678	0.1739432624885678	BACH2
0.0	0.8097800591130617	0.8097800591130617	BAG6
0.0	0.10082587843328993	0.10082587843328993	BAIAP2L1
0.0	0.7069879223464697	0.7069879223464697	BAP1
0.13570706065400323	0.5570555610196953	0.6927626216736986	BAX
0.0	0.2723544776805673	0.2723544776805673	BAZ1A
0.39691518876357934	0.18027972586900967	0.577194914632589	BAZ2A
0.0	0.20388751109226672	0.20388751109226672	BBS4
0.0	0.5269207574844501	0.5269207574844501	BBS9
0.0	0.0	0.0	BCAR3
0.08821071825723728	0.6595164518335181	0.7477271700907554	BCAS2
0.0	0.38343161349989363	0.38343161349989363	BCCIP
0.3051795650827418	0.22708348511143536	0.5322630501941772	BCKDHB
0.0	0.1912630007713752	0.1912630007713752	BCL6
0.0	0.19975089938883125	0.19975089938883125	BDH2
0.0	0.37157911563085877	0.37157911563085877	BEX2
0.42728327686188183	0.2347121713843851	0.6619954482462669	BIVM
0.0	0.30790357928828693	0.30790357928828693	BLM
0.0	0.5644340534917329	0.5644340534917329	BLOC1S5
0.0	0.19039104127789305	0.19039104127789305	BLOC1S6
0.0	0.23005755175921203	0.23005755175921203	BLTP1
0.0	0.1008044005329033	0.1008044005329033	BNIP3L
0.0	0.30554478692824383	0.30554478692824383	BOD1L1
0.0	0.46778259920643933	0.46778259920643933	BOP1
0.0	0.3409633875289946	0.3409633875289946	BPTF
0.0	0.35564324770152755	0.35564324770152755	BRCC3
0.0	0.5229223288171626	0.5229223288171626	BRD1
0.2748940024195242	0.40701045382375467	0.6819044562432789	BRD10
0.0722487115500258	0.6324856048329435	0.7047343163829692	BRMS1
0.0928622313304567	0.5120828028221149	0.6049450341525716	BRMS1L
0.5087258637616545	0.12413753369752079	0.6328633974591753	BRWD3
0.0	0.46176695137919943	0.46176695137919943	BSDC1
0.0	0.16368281057510853	0.16368281057510853	BTBD10
0.1580875730216942	0.0693823351270438	0.22746990814873802	BTBD8
0.0	0.7660274196957422	0.7660274196957422	BTF3L4
0.0	0.5687462011992185	0.5687462011992185	BTN3A1
0.0	0.2672021534602386	0.2672021534602386	BZW1
0.0	0.601569229477962	0.601569229477962	C11ORF68
0.0	0.3842885072677156	0.3842885072677156	C12ORF57
0.2346346899271902	0.08811869146886697	0.32275338139605714	C12ORF75
0.13020010245856753	0.6221918683359366	0.7523919707945042	C17ORF49
0.0	0.7990525559695568	0.7990525559695568	C18ORF32
0.08069743714697897	0.5334039595503236	0.6141013966973026	C19ORF12
0.0	0.6618929729962804	0.6618929729962804	C1R
0.0	0.07512307421433218	0.07512307421433218	C1ORF162
0.0	0.8118458716560941	0.8118458716560941	C1ORF35
0.3377368153810254	0.14168060377729713	0.47941741915832253	C3ORF38
0.0	0.6323365769863709	0.6323365769863709	C5ORF24
0.23973443927091354	0.13301399747618953	0.37274843674710306	CA11
0.16209040140043918	0.27798291056256463	0.4400733119630038	CALM3
0.0	0.3935957909690796	0.3935957909690796	CAMKK2
0.22722451555919113	0.28574338050115206	0.5129678960603432	CAMTA1
0.0	0.688124812768861	0.688124812768861	CANX
0.0	0.44626488882725074	0.44626488882725074	CAPG
0.0	0.6629778469754478	0.6629778469754478	CAPN1
0.11087827506003185	0.2422830940241092	0.35316136908414103	CAPN15
0.0	0.10177973854214842	0.10177973854214842	CAPZA2
0.06520780210101694	0.0	0.06520780210101694	CARD11
0.0	0.4059580746551108	0.4059580746551108	CARM1
0.0	0.0	0.0	CARMIL1
0.060074036559406546	0.1904778477921958	0.25055188435160236	CASC3
0.0	0.08987511068204161	0.08987511068204161	CASP4
0.0	0.5265560055552727	0.5265560055552727	CASP8AP2
0.0	0.6956045618535022	0.6956045618535022	CASP9
0.031565013323963886	0.9123559165498105	0.9439209298737744	CATSPERD
0.0	0.08011031355012353	0.08011031355012353	CAVIN3
0.0	0.19220572276900594	0.19220572276900594	CBLL1
0.1343259656978093	0.08144808108483932	0.2157740467826486	CBX3
0.0	0.16239651578120468	0.16239651578120468	CBX7
0.0	0.13970189620969087	0.13970189620969087	CCDC115
0.1459423838846693	0.2281390682356576	0.3740814521203269	CCDC171
0.0	0.35871301319370363	0.35871301319370363	CCDC186
0.0	0.7329355511545832	0.7329355511545832	CCDC43
0.0	0.34110986213501693	0.34110986213501693	CCDC59
0.0	0.45794658721637893	0.45794658721637893	CCDC62
0.0	0.3203477717506721	0.3203477717506721	CCDC69
0.0	0.16171375393741946	0.16171375393741946	CCND3
0.14072639651572555	0.3392432583068978	0.4799696548226233	CCNF
0.0	0.026595616314601663	0.026595616314601663	CCNL1
0.0	0.7387585069009659	0.7387585069009659	CCNL2
0.0	0.31337203311807743	0.31337203311807743	CCR7
0.0	0.08394813226252115	0.08394813226252115	CCRL2
0.0754799255444906	0.5536811836725262	0.6291611092170167	CCSAP
0.0	0.6582686936420765	0.6582686936420765	CCT6B
0.0	0.49718804357630264	0.49718804357630264	CCT7
0.0	0.0770303082891417	0.0770303082891417	CD200
0.0	0.0	0.0	CD209
0.19091762784552233	0.5465317738055038	0.7374494016510261	CD3G
0.0	0.3625581861714349	0.3625581861714349	CD40
0.0	0.03986570047866107	0.03986570047866107	CD5
0.0	0.0	0.0	CD58
0.0	0.5513020065935874	0.5513020065935874	CD68
0.0	0.050267821481869895	0.050267821481869895	CD69
0.11390255581705588	0.18832101977104113	0.302223575588097	CD80
0.2228021626440762	0.35864296628994013	0.5814451289340163	CDC20
0.0	0.57621217825262	0.57621217825262	CDC25A
0.0	0.7103298019731966	0.7103298019731966	CDC25C
0.2579657048247962	0.1569677858543594	0.4149334906791556	CDC42SE2
0.0	0.9083916913860696	0.9083916913860696	CDCA8
0.3541535470397411	0.2562625132743435	0.6104160603140847	CDK2AP2
0.15600756766308096	0.38649570001113953	0.5425032676742205	CDK9
0.0	0.250165644394454	0.250165644394454	CDKN2A
0.0	0.11571364448733687	0.11571364448733687	CDS2
0.21390571621223803	0.15444720562176653	0.3683529218340046	CDT1
0.0	0.032516326147279645	0.032516326147279645	CEACAM1
0.06306025917163444	0.33623506205824866	0.3992953212298831	CENPB
0.0	0.792785941588868	0.792785941588868	CENPH
0.0	0.05819527401535122	0.05819527401535122	CENPJ
0.08755287518519057	0.4899901330984472	0.5775430082836378	CENPM
0.0	0.3312266413955469	0.3312266413955469	CENPN
0.0	0.0	0.0	CEP15
0.0	0.4002728629791906	0.4002728629791906	CEP152
0.0	0.20472644038813473	0.20472644038813473	CEP162
0.164580288405959	0.23526561969344123	0.39984590809940024	CEP55
0.0	0.385368399256075	0.385368399256075	CEP57L1
0.0	0.37012380041509785	0.37012380041509785	CEP63
0.18353999802834461	0.15746051659283328	0.34100051462117786	CEP72
0.0	0.1353161584005961	0.1353161584005961	CEP85L
0.0	0.46857835839550116	0.46857835839550116	CEPT1
0.0	0.8422811957940975	0.8422811957940975	CERS2
			CFAP298TCP10L
0.0	0.2883659887077622	0.2883659887077622	CFAP418
0.0	0.3711840258213267	0.3711840258213267	CFB
0.21855664614429296	0.6170682218041387	0.8356248679484316	CFL1
0.0	0.8167994066460831	0.8167994066460831	CHAF1A
0.30605057394688945	0.27700537324358415	0.5830559471904736	CHD4
0.0	0.20142730773344672	0.20142730773344672	CHD9
0.0	0.27250073922868134	0.27250073922868134	CHKA
0.0	0.3075638482212667	0.3075638482212667	CHM
0.35558478369545793	0.4168504980540297	0.7724352817494876	CHMP4A
0.0	0.0	0.0	CHORDC1
0.0	0.6613479716532983	0.6613479716532983	CHPF2
0.0	0.03780284293901341	0.03780284293901341	CHST11
0.2818583844417444	0.21130999126813482	0.4931683757098792	CHST12
0.0	0.06363176853912922	0.06363176853912922	CHSY1
0.0	0.30387113898309526	0.30387113898309526	CHTF18
0.0	0.28746491835636634	0.28746491835636634	CHTF8
0.07215317879401864	0.5153287300711125	0.5874819088651311	CHTOP
0.0	0.23861887268170617	0.23861887268170617	CHURC1
0.0	0.3668362328636193	0.3668362328636193	CINP
0.0	0.37430912656264176	0.37430912656264176	CIP2A
0.0	0.10923109379018857	0.10923109379018857	CIR1
0.0	0.357762441277267	0.357762441277267	CKAP5
0.10407252998974782	0.10306916544598824	0.20714169543573607	CKLF
0.22837437744608677	0.34193310129150006	0.5703074787375868	CKS1B
0.4667551775555219	0.09819256940580041	0.5649477469613223	CKS2
0.4618670287529349	0.1913702864330005	0.6532373151859354	CLDND2
0.12867263187113484	0.36967492310191824	0.49834755497305305	CLIP1
0.0	0.25147608823999285	0.25147608823999285	CLIP4
0.0	0.6105605576695323	0.6105605576695323	CLPP
0.0	0.2384772422122719	0.2384772422122719	CLSPN
0.0	0.051285787844606454	0.051285787844606454	CLU
0.0	0.34925262501748955	0.34925262501748955	CMPK1
0.0	0.192167471542149	0.192167471542149	CMTR1
0.0	0.280011101867355	0.280011101867355	CNIH1
0.0	0.30897253142580994	0.30897253142580994	CNOT10
0.0	0.33931170407594746	0.33931170407594746	CNOT4
0.4263007452173229	0.14285925740943858	0.5691600026267615	CNST
0.0	0.23727647196269158	0.23727647196269158	COG4
0.0	0.5006042436773818	0.5006042436773818	COG5
0.149423447407221	0.030271471929358307	0.1796949193365793	COL18A1
0.0	0.4018386976241574	0.4018386976241574	COMMD7
0.0	0.22697484946993268	0.22697484946993268	COPA
0.0	0.14281795940876857	0.14281795940876857	COPG2
0.0	0.6535886792472555	0.6535886792472555	COPS6
0.0	0.3112671574205763	0.3112671574205763	COPZ1
0.2614277156727269	0.2612827292568426	0.5227104449295694	COQ8B
0.0	0.2782620583291038	0.2782620583291038	COQ9
0.3920666973599404	0.43654084674943333	0.8286075441093737	CORO7
0.0	0.21220799686538677	0.21220799686538677	COX16
0.0	0.6926441810842621	0.6926441810842621	COX20
0.06670838489782745	0.65386985332967	0.7205782382274974	COX8A
0.0	0.08765933382854739	0.08765933382854739	CPM
0.0	0.06472869967038054	0.06472869967038054	CPNE2
0.0	0.01936526056485192	0.01936526056485192	CPPED1
0.0	0.5682115744722263	0.5682115744722263	CPT2
0.25372875199446915	0.037033242682332046	0.2907619946768012	CR2
0.5118382168950061	0.224967692967975	0.7368059098629811	CREB1
0.19901181256831343	0.0	0.19901181256831343	CREB3L2
0.10766278413074966	0.1688199560469841	0.2764827401777338	CREBL2
0.10885798704475133	0.4260728011957443	0.5349307882404957	CRELD1
0.0	0.3814759050663695	0.3814759050663695	CREM
0.0	0.14437189748479098	0.14437189748479098	CRIPT
0.10600662784030633	0.4224329694174903	0.5284395972577967	CRNKL1
0.0	0.06984338189111264	0.06984338189111264	CRPPA
0.0	0.6058465070524968	0.6058465070524968	CRTC1
0.14933247045125658	0.30691713507658636	0.45624960552784294	CRTC3
0.0	0.10607920558430205	0.10607920558430205	CRYBG3
0.22202761801653575	0.0652900454719573	0.2873176634884931	CSF1
0.0	0.14965623482413098	0.14965623482413098	CSK
0.0	0.4764076011787262	0.4764076011787262	CSNK1G1
0.0	0.20433410824462608	0.20433410824462608	CSNK2A1
0.2617225820783152	0.17274773833746915	0.4344703204157844	CSRNP1
0.0	0.0	0.0	CSTF2T
0.4127761430930539	0.24776415531067003	0.6605402984037239	CTC1
0.0728448332076173	0.2868705080021475	0.3597153412097648	CTCF
0.0	0.02919429925573616	0.02919429925573616	CTLA4
0.0	0.15579792507823978	0.15579792507823978	CTNS
0.1063129704902877	0.524472012302796	0.6307849827930838	CTPS2
0.0	0.4628905723944619	0.4628905723944619	CTSA
0.0	0.04562177032027649	0.04562177032027649	CTSO
0.0	0.6507368547062901	0.6507368547062901	CUL7
0.3045903061846984	0.5959599971257961	0.9005503033104945	CUTA
0.10547306634873806	0.39813880842230925	0.5036118747710473	CUTC
0.0	0.12522472143810368	0.12522472143810368	CXORF38
0.0	0.12504340760562244	0.12504340760562244	CYB561D1
0.0	0.21991387281304042	0.21991387281304042	CYB5RL
0.0	0.5731141495193649	0.5731141495193649	CYBA
0.2821611815211806	0.1623509724446601	0.44451215396584065	CYBC1
0.0	0.25552335163183487	0.25552335163183487	CYP20A1
0.0	0.025588546051050494	0.025588546051050494	CYTH4
0.0	0.07389112403014887	0.07389112403014887	CYTIP
0.45775824021514766	0.14938615009197792	0.6071443903071256	DAAM1
0.0	0.08605089497638223	0.08605089497638223	DAP
0.0	0.4444306916111069	0.4444306916111069	DARS2
0.0	0.12406236631382987	0.12406236631382987	DBI
0.0	0.10347848759698164	0.10347848759698164	DBN1
0.11811170782657583	0.15147521449660753	0.2695869223231834	DCAF13
0.0	0.45439072389348195	0.45439072389348195	DCAF15
0.0	0.7016228572156521	0.7016228572156521	DCAF16
0.16810232178939097	0.20094216247454944	0.36904448426394043	DCAF17
0.0	0.3508418927554287	0.3508418927554287	DCAF7
0.0	0.4515520796740682	0.4515520796740682	DCAKD
0.4046112108969531	0.2336175311529526	0.6382287420499058	DCK
0.0	0.4078535232790844	0.4078535232790844	DCTN1
0.0	0.2901258966534214	0.2901258966534214	DCUN1D3
0.0	0.37468373585053877	0.37468373585053877	DDIAS
0.0	0.0	0.0	DDIT4
0.5733561412827728	0.19334578469228728	0.76670192597506	DDX17
0.0	0.4748029857161735	0.4748029857161735	DDX28
0.0	0.7201360114899503	0.7201360114899503	DDX42
0.2753231329006338	0.025943608201655255	0.30126674110228907	DDX5
0.0	0.2588873345232357	0.2588873345232357	DELE1
0.0	0.465517718624572	0.465517718624572	DENND1C
0.2976500686231727	0.06449429326582462	0.36214436188899735	DENND3
0.270249294711351	0.4151032392592028	0.6853525339705537	DENND4B
0.0	0.23138135999121553	0.23138135999121553	DENND4C
0.0	0.0	0.0	DEPDC1
0.026236911890137018	0.1257742984833649	0.15201121037350193	DERL1
0.0	0.6665545711279287	0.6665545711279287	DERL2
0.0	0.4181623145936805	0.4181623145936805	DEXI
0.0	0.11161320939070528	0.11161320939070528	DGCR6L
0.0	0.3030660051745416	0.3030660051745416	DGKE
0.32968178335170734	0.0	0.32968178335170734	DGKH
0.0	0.20436249804441442	0.20436249804441442	DGUOK
0.3364365246557312	0.20304548729041533	0.5394820119461465	DHCR24
0.0	0.25931611878914557	0.25931611878914557	DHDDS
0.0	0.47508170000851974	0.47508170000851974	DHRS1
0.0	0.06950720767286296	0.06950720767286296	DHRS4L2
0.0	0.3528487708752591	0.3528487708752591	DHTKD1
0.0	0.16815474614509393	0.16815474614509393	DHX35
0.16784884100664849	0.3052992610140102	0.4731481020206587	DHX57
0.0	0.06826417932825629	0.06826417932825629	DIAPH1
0.0	0.17475273255666168	0.17475273255666168	DIDO1
0.09604387914961118	0.5299633488395906	0.6260072279892018	DIMT1
0.24572764635927855	0.06734750743734612	0.31307515379662465	DIPK1A
0.0	0.23946923812843174	0.23946923812843174	DIS3L2
0.0	0.1612635437976319	0.1612635437976319	DISP1
0.0	0.20168398725226877	0.20168398725226877	DLST
0.0	0.0	0.0	DMAC1
0.0	0.33582122198954006	0.33582122198954006	DMAC2
0.0	0.5554250886620246	0.5554250886620246	DNA2
0.0	0.3926167389742435	0.3926167389742435	DNAAF2
0.0	0.18664173828157796	0.18664173828157796	DNAAF5
0.17657893160369992	0.08957710784787137	0.2661560394515713	DNAI4
0.0	0.6226245350744848	0.6226245350744848	DNAJB14
0.0	0.04272294295586562	0.04272294295586562	DNAJB6
0.12865110878343386	0.025090249553506985	0.15374135833694086	DNAJC12
0.0	0.7010313865782092	0.7010313865782092	DNAJC14
0.0	0.47520910027212815	0.47520910027212815	DNAJC17
0.0	0.5491283655370892	0.5491283655370892	DNAJC28
0.07221646722739218	0.31221861177563714	0.3844350790030293	DNAJC30
0.10896528148636178	0.0	0.10896528148636178	DNMT3A
0.0	0.16251968529986777	0.16251968529986777	DNPH1
0.0	0.43914490416987073	0.43914490416987073	DNTTIP1
0.0	0.12028761097148757	0.12028761097148757	DOCK2
0.0	0.7464851823457431	0.7464851823457431	DOCK7
0.0	0.5418274015242858	0.5418274015242858	DOHH
0.4812139268372104	0.04733149482396207	0.5285454216611725	DOK2
0.07136662669951842	0.4862959430194131	0.5576625697189315	DPM3
0.0	0.7021757783485166	0.7021757783485166	DPP3
0.0	0.5858904558126611	0.5858904558126611	DPY30
0.0	0.19662146886679963	0.19662146886679963	DROSHA
0.0	0.38714381218725696	0.38714381218725696	DSCC1
0.0	0.048678539505223876	0.048678539505223876	DTNBP1
0.0	0.41091010330553623	0.41091010330553623	DTWD1
0.0	0.03713142536854253	0.03713142536854253	DTX2
0.0	0.6602475687949207	0.6602475687949207	DTX3
0.0	0.0	0.0	DUSP10
0.28498068313216707	0.34436252807595524	0.6293432112081223	DUSP28
0.09619512618316563	0.3451479494514965	0.44134307563466213	DUSP3
0.0	0.13856297192944725	0.13856297192944725	DUSP4
0.1366395499609724	0.16900890543017755	0.30564845539114993	DYNC1H1
0.0	0.14772450117294086	0.14772450117294086	DYNC2LI1
0.3718420171057745	0.41978961825157735	0.7916316353573518	DYNLT1
0.16612653488934148	0.5026682358869358	0.6687947707762772	DYNLT4
0.0	0.34514731687730354	0.34514731687730354	DYRK4
0.04020197279026996	0.3985084575091977	0.43871043029946766	E2F4
0.0	0.1162854122539293	0.1162854122539293	EAF1
0.0	0.23179036367231975	0.23179036367231975	EBI3
0.0	0.5870627299308167	0.5870627299308167	ECD
0.0	0.5290413017363901	0.5290413017363901	ECHS1
0.14215083404237852	0.3912091236608378	0.5333599577032163	EDF1
0.0	0.1574162874191696	0.1574162874191696	EEF1A1
0.35464404050477166	0.3164379573396919	0.6710819978444635	EEF1B2
0.0	0.631977812552798	0.631977812552798	EEF1D
0.0	0.5219122871983227	0.5219122871983227	EEFSEC
0.0	0.0	0.0	EGLN3
0.0	0.3107373148377436	0.3107373148377436	EHBP1
0.0	0.2736428600435186	0.2736428600435186	EID2B
0.0	0.40508831123223926	0.40508831123223926	EIF2AK1
0.0	0.679401882722304	0.679401882722304	EIF2B4
0.0	0.29380161040448993	0.29380161040448993	EIF2S1
0.0	0.2309277903040948	0.2309277903040948	EIF2S3
0.0	0.4161695026448057	0.4161695026448057	EIF3D
0.0	0.4282572874588737	0.4282572874588737	EIF3K
0.0	0.21524369776396107	0.21524369776396107	EIF3M
0.0	0.3041243186689251	0.3041243186689251	EIF4A2
0.26397269639279297	0.21271102736260036	0.47668372375539336	EIF4A3
0.0	0.3203659479088797	0.3203659479088797	EIF4EBP1
0.0	0.39255536458495044	0.39255536458495044	EIF4EBP3
0.1198220828265798	0.5497854177426662	0.669607500569246	EIF4G2
0.0	0.19534985216389186	0.19534985216389186	EIF4G3
0.0	0.6551858441855157	0.6551858441855157	EIF5B
0.16485551340977797	0.42746943539608045	0.5923249488058584	EIF6
0.0	0.5777334162488055	0.5777334162488055	ELAPOR1
0.0	0.0	0.0	ELL2
0.0	0.31754636992453406	0.31754636992453406	ELMO2
0.0	0.29309525601972364	0.29309525601972364	ELOA
0.0	0.6707684652166783	0.6707684652166783	ELOC
0.1061522415633953	0.31605541997453657	0.4222076615379319	EMC10
0.0	0.5356002332640841	0.5356002332640841	EMC4
0.0	0.19219720877970944	0.19219720877970944	EMC8
0.0	0.4804149942712749	0.4804149942712749	EME1
0.0	0.15882480371335436	0.15882480371335436	EML2
0.0	0.06439843499000772	0.06439843499000772	EML4
0.0	0.018255845585777898	0.018255845585777898	ENO1
0.0	0.30143365408386014	0.30143365408386014	ENSA
0.0	0.6180319322961647	0.6180319322961647	ENSG00000144785
0.0	0.041656284874609636	0.041656284874609636	ENSG00000250644
0.0	0.3067367370150908	0.3067367370150908	ENSG00000256500
0.0	0.2940412845273647	0.2940412845273647	ENSG00000256646
0.05097416593726667	0.33037244357835194	0.3813466095156186	ENSG00000258311
0.17339123880236734	0.2920248269979668	0.4654160658003341	ENSG00000261717
0.0	0.7748107277647079	0.7748107277647079	ENSG00000265118
0.12021679207801025	0.2649258177404272	0.3851426098184375	ENSG00000267140
0.21201929279215156	0.3583791417718722	0.5703984345640237	ENSG00000272772
0.0	0.5839668529718328	0.5839668529718328	ENSG00000275740
0.27500400609344394	0.6726687830317727	0.9476727891252166	ENSG00000282988
0.0	0.5029739477905703	0.5029739477905703	ENSG00000283761
0.0	0.0	0.0	ENSG00000283782
0.0	0.37100266813108124	0.37100266813108124	ENSG00000284057
0.0	0.29257699377565366	0.29257699377565366	ENSG00000284773
0.0	0.11622181947296607	0.11622181947296607	ENSG00000285304
0.0	0.18036016817353534	0.18036016817353534	ENSG00000286235
0.17562485176889625	0.19007652051006924	0.3657013722789655	ENSG00000287856
0.2712106596351078	0.22262815101759795	0.49383881065270574	ENSG00000288000
0.0	0.3569931179941967	0.3569931179941967	ENSG00000288645
0.1892427219313642	0.29425322059584896	0.4834959425272132	ENSG00000288646
0.0	0.38263230373765555	0.38263230373765555	ENSG00000289491
0.03625199879514815	0.6819035350120568	0.718155533807205	ENSG00000290315
0.0	0.2738855973078751	0.2738855973078751	ENSG00000291313
0.0	0.21898777661167299	0.21898777661167299	ENTPD4
0.0	0.3520751099605803	0.3520751099605803	ENTR1
0.0	0.5497823920120868	0.5497823920120868	ENTREP3
0.0	0.33363990512553293	0.33363990512553293	ENY2
0.04941344607892354	0.3681486454835813	0.41756209156250484	EP400
0.0	0.03335668596025235	0.03335668596025235	EPG5
0.0	0.1954450932606804	0.1954450932606804	EPS15
0.0	0.5192543497296401	0.5192543497296401	EPS15L1
0.0	0.2829371670761479	0.2829371670761479	ERAL1
0.0	0.29280001009307066	0.29280001009307066	ERC1
0.18042366089736514	0.24297355451568872	0.42339721541305386	ERCC2
0.12953102272322967	0.4802353052721569	0.6097663279953865	ERF
0.0	0.05660854319554016	0.05660854319554016	ERGIC1
0.0	0.6655734210270972	0.6655734210270972	ERMARD
0.0	0.1552817792534661	0.1552817792534661	ERP44
0.0	0.4856136516123566	0.4856136516123566	ESPL1
0.1527878700473815	0.2896941250911064	0.44248199513848796	ESYT1
0.08998163215608627	0.48358355121586083	0.5735651833719471	ETF1
0.5011606255591482	0.19011423014394338	0.6912748557030916	ETNK1
0.14251379596574484	0.01095644160163476	0.1534702375673796	ETV6
0.0	0.25157195535667565	0.25157195535667565	EXD2
0.0	0.09065556499138103	0.09065556499138103	EXOG
0.0	0.4928348169936901	0.4928348169936901	EXOSC3
0.0	0.7800490975491186	0.7800490975491186	EXOSC8
0.0	0.14785851913925965	0.14785851913925965	EYA3
0.0	0.5203983436338485	0.5203983436338485	EZH1
0.0	0.1521706786855143	0.1521706786855143	EZH2
0.0	0.0	0.0	F2R
0.20274899583176192	0.341463164001284	0.5442121598330459	F5
0.0	0.0	0.0	FABP5
0.0	0.9265364399518576	0.9265364399518576	FAHD2B
0.0	0.3009655394449189	0.3009655394449189	FAM162A
0.0	0.3549720566815629	0.3549720566815629	FAM168A
0.0	0.30000931654116847	0.30000931654116847	FAM210A
0.0	0.03994578904916171	0.03994578904916171	FAM229B
0.0	0.49010030280761163	0.49010030280761163	FAM43A
0.0	0.2514097182648903	0.2514097182648903	FAM53B
0.0	0.3822371528447355	0.3822371528447355	FAM78A
0.0	0.04098817503397933	0.04098817503397933	FAM98B
0.0	0.5112363139790705	0.5112363139790705	FANCD2
0.0	0.5760545230555748	0.5760545230555748	FANCE
0.07243379709062406	0.7154173718838093	0.7878511689744333	FANCM
0.0	0.44488145373233373	0.44488145373233373	FASN
0.035151919543830755	0.8225543341762811	0.8577062537201119	FASTKD1
0.08627407066867535	0.39318695109948876	0.4794610217681641	FBXL13
0.0	0.11682057514917905	0.11682057514917905	FBXL18
0.0	0.5682261762551868	0.5682261762551868	FBXL19
0.0	0.5929283058211527	0.5929283058211527	FBXL6
0.0	0.5734884823151879	0.5734884823151879	FBXO15
0.0	0.19912064535776597	0.19912064535776597	FBXO36
0.4637367244349688	0.0	0.4637367244349688	FCGR2A
0.23591314900280855	0.42577241461056514	0.6616855636133737	FDXACB1
0.0	0.2736787273863719	0.2736787273863719	FEM1C
0.0	0.09605809926033662	0.09605809926033662	FFAR3
0.0	0.0	0.0	FGFBP2
0.0	0.6138453246867327	0.6138453246867327	FKBP11
0.10826827942483164	0.8545307927645522	0.9627990721893839	FKBP2
0.0	0.6682081411063838	0.6682081411063838	FKBP8
0.0	0.08056454994647584	0.08056454994647584	FMNL1
0.19327486277402378	0.5489328273394422	0.742207690113466	FN3KRP
0.0	0.24468230076307657	0.24468230076307657	FNBP4
0.0	0.2560164865788311	0.2560164865788311	FNIP1
0.1837430229696292	0.4564324803405287	0.6401755033101579	FNTA
0.12438999256507967	0.03590175414505821	0.16029174671013788	FOXK1
0.0	0.21153187810326365	0.21153187810326365	FOXK2
0.240975020215453	0.09305228473088445	0.3340273049463375	FOXN2
0.0	0.593343380820425	0.593343380820425	FRAT2
0.0	0.10803843573128817	0.10803843573128817	FRMD4B
0.0	0.17872058584131786	0.17872058584131786	FSD1L
0.0	0.02426642483256863	0.02426642483256863	FTH1
0.13335579690333438	0.1167157433964578	0.25007154029979217	FTO
0.0	0.19709467857313562	0.19709467857313562	FUCA1
0.0	0.0848961653742308	0.0848961653742308	FUNDC1
0.07454054472703575	0.3437367957385043	0.41827734046554005	FUS
0.176335815923302	0.12672959332680755	0.30306540925010955	FUT4
0.0	0.07180610526995337	0.07180610526995337	FUT8
0.0	0.6780953753605395	0.6780953753605395	FUZ
0.0	0.3174588749525203	0.3174588749525203	FXR1
0.562244219437787	0.05954078934221146	0.6217850087799984	FYB1
0.0	0.16267651848923828	0.16267651848923828	FYTTD1
0.16602596424918664	0.22567544747338764	0.3917014117225743	G2E3
0.06294085193663082	0.6319318594719981	0.6948727114086289	G6PC3
0.4250925641357298	0.531804435722728	0.9568969998584578	GABARAP
0.0	0.5168621435735603	0.5168621435735603	GABPA
0.03623297333339165	0.6105087955294496	0.6467417688628412	GABPB2
0.0	0.0860216730223648	0.0860216730223648	GAD1
0.18304967867496438	0.3831249055628606	0.566174584237825	GADD45GIP1
0.0	0.0	0.0	GALNT2
0.0	0.6529770629528869	0.6529770629528869	GANAB
0.11231669058628056	0.41705329904742117	0.5293699896337017	GANC
0.0	0.0	0.0	GATA3
0.0	0.1769258533107672	0.1769258533107672	GBGT1
0.0	0.15929829013234434	0.15929829013234434	GBP2
0.0	0.5127829900673881	0.5127829900673881	GCAT
0.0	0.7465189161819815	0.7465189161819815	GCC1
0.0	0.7433745229529356	0.7433745229529356	GEMIN5
0.0	0.6943584340790909	0.6943584340790909	GET3
0.0	0.024939437510098243	0.024939437510098243	GFI1
0.0	0.28794838220189317	0.28794838220189317	GGA2
0.0	0.25310444190856124	0.25310444190856124	GIMAP2
0.0	0.12218838006324646	0.12218838006324646	GIMAP6
0.2922872832653757	0.14887576001686992	0.4411630432822456	GIN1
0.10159451240796036	0.4092468881950993	0.5108414006030597	GINS1
0.0	0.3253042041533202	0.3253042041533202	GINS3
0.0	0.12341191268650492	0.12341191268650492	GINS4
0.0	0.0	0.0	GJB6
0.07264804922887794	0.42965913427761165	0.5023071835064896	GLE1
0.0	0.5350599455402749	0.5350599455402749	GLOD4
0.0	0.684289545080684	0.684289545080684	GLRX3
0.5393109727995272	0.040837333485481256	0.5801483062850085	GLUD1
0.0	0.6588696301762837	0.6588696301762837	GMPR2
0.0	0.4680060706736716	0.4680060706736716	GNB2
0.24626002759786078	0.02371860338081206	0.26997863097867286	GNG2
0.0	0.4572526160062112	0.4572526160062112	GNL1
0.0	0.0	0.0	GNLY
0.0	0.28800609421282486	0.28800609421282486	GOLGA4
0.0	0.43654944325940914	0.43654944325940914	GOLGA8B
0.0	0.4058773283381073	0.4058773283381073	GOLGB1
0.0	0.0	0.0	GOLIM4
0.4471996074263098	0.028864947993902712	0.47606455542021253	GOSR2
0.0	0.4347155818611878	0.4347155818611878	GPN1
0.1770862140617012	0.18317199966872166	0.3602582137304229	GPR107
0.0	0.9630275994883564	0.9630275994883564	GPR137
0.0	0.12791849358628055	0.12791849358628055	GPR137B
0.0	0.4392065835915496	0.4392065835915496	GPR146
0.0	0.0	0.0	GPR68
0.0	0.027168285685959817	0.027168285685959817	GPR87
0.0	0.3998930469219401	0.3998930469219401	GPR89B
0.0	0.17484195066906172	0.17484195066906172	GPX7
0.2544006528083764	0.3166744448100782	0.5710750976184547	GRINA
0.22634503740185158	0.39701764137984213	0.6233626787816937	GRPEL2
0.0	0.4623051231050958	0.4623051231050958	GRWD1
0.0	0.42136830760635025	0.42136830760635025	GSR
0.0	0.33868015722204936	0.33868015722204936	GSTZ1
0.18787257438798458	0.08820379112585666	0.27607636551384124	GTDC1
0.436602708321684	0.11172296808421181	0.5483256764058958	GTF2A1
0.0	0.5296821250733861	0.5296821250733861	GTF2H3
0.07792025603725289	0.39010582709655145	0.46802608313380434	GTF3C6
0.04656202741616924	0.1936076637239664	0.24016969114013564	GTSE1
0.0	0.19793863936317166	0.19793863936317166	GZF1
0.21056408836041934	0.6209494554375824	0.8315135437980017	H2AC16
0.0	0.5266804821759364	0.5266804821759364	H2AC25
0.0	0.8142406830298182	0.8142406830298182	H2AJ
0.07833261547955811	0.7175590983420255	0.7958917138215835	H2AX
0.21932620082774887	0.6583474440514406	0.8776736448791895	H2BC9
0.2404560745106424	0.21419460106051408	0.45465067557115646	HABP4
0.0	0.14154097230242177	0.14154097230242177	HACD1
0.0	0.38728528477015756	0.38728528477015756	HADHB
0.0	0.45769803494922906	0.45769803494922906	HAGH
0.17067983505071868	0.5165547546231739	0.6872345896738926	HARS2
0.2201051213287111	0.24620005845104584	0.46630517977975694	HAUS2
0.22305386283182546	0.19997000540101034	0.4230238682328358	HCFC1
0.15620771032929975	0.6998366696506693	0.8560443799799691	HDGF
0.0	0.3670223292417306	0.3670223292417306	HDHD5
0.0	0.5625847784187216	0.5625847784187216	HEATR3
0.0	0.2852723885976876	0.2852723885976876	HEATR5A
0.2674408532444629	0.5397708425302064	0.8072116957746692	HEATR5B
0.0	0.19020677401191738	0.19020677401191738	HEBP1
0.0	0.30754847055217943	0.30754847055217943	HECA
0.0	0.362075667336527	0.362075667336527	HELLS
0.0	0.541459890334116	0.541459890334116	HELQ
0.13073202319910882	0.18586721712858822	0.31659924032769704	HERC6
0.0	0.14553388574273907	0.14553388574273907	HEXB
0.45164970250433295	0.13800576595092223	0.5896554684552552	HFE
0.13425148440103513	0.07586123107250532	0.21011271547354043	HIC1
0.11442697094271544	0.6109059375518539	0.7253329084945693	HIGD2A
0.0	0.14387254793994556	0.14387254793994556	HIKESHI
0.0	0.1675550445602255	0.1675550445602255	HILPDA
0.08882873116628265	0.20951732271706053	0.2983460538833432	HINT3
			HLADPA1
			HLADQA1
			HLADRA
0.0	0.3347144176624741	0.3347144176624741	HMGA1
0.10877157373596476	0.3193655498706526	0.4281371236066173	HMGCR
0.14643131985963942	0.6773307887120585	0.823762108571698	HMGN1
0.0	0.2874451643377829	0.2874451643377829	HMGXB4
0.6102621886043653	0.38973781139563474	1.0	HMMR
0.41274348528850047	0.11873940798320548	0.531482893271706	HMSD
0.3950334463586235	0.06918242721055103	0.4642158735691745	HNRNPA0
0.0	0.2508058776306415	0.2508058776306415	HNRNPC
0.3280990841582238	0.17098651961163303	0.49908560376985683	HNRNPD
0.0	0.4226998235461827	0.4226998235461827	HNRNPK
0.0	0.5636665468222376	0.5636665468222376	HNRNPUL1
0.2881436273965175	0.20260488002069668	0.4907485074172142	HOOK1
0.0	0.3390884150033435	0.3390884150033435	HPDL
0.0	0.20884997937441227	0.20884997937441227	HPS4
0.15094665250222797	0.27478649030705043	0.42573314280927843	HPS5
0.0	0.04731002056877027	0.04731002056877027	HS1BP3
0.0	0.0	0.0	HSD11B1
0.0	0.20776736802955165	0.20776736802955165	HSD17B10
0.20034977508588195	0.2510388000144966	0.45138857510037855	HSD17B11
0.0	0.8705826751168065	0.8705826751168065	HSPA4
0.27021201304031534	0.5659664579626006	0.8361784710029159	HSPA4L
0.0	0.29661489391032914	0.29661489391032914	HSPA5
0.0	0.3514391338455786	0.3514391338455786	HSPA8
0.0	0.6160446852726515	0.6160446852726515	HSPBP1
0.0	0.6410012314779361	0.6410012314779361	HSPE1
0.0	0.15370720859433049	0.15370720859433049	HSPH1
0.20079181293619258	0.4776555347120428	0.6784473476482353	HTRA2
0.0	0.13949059573852715	0.13949059573852715	HTT
0.0	0.19933601970127046	0.19933601970127046	HYCC2
0.0	0.09001429648276581	0.09001429648276581	ICA1
0.0	0.35632646293646986	0.35632646293646986	ICAM1
0.12987262713863093	0.10751219555379532	0.23738482269242625	IDH3A
0.0	0.5349384874725818	0.5349384874725818	IDH3G
0.31516110755360355	0.18939484910826296	0.5045559566618665	IDS
0.3131806856521563	0.10750731166189371	0.42068799731405	IER2
0.0	0.5126407444671911	0.5126407444671911	IFIT3
0.0	0.47757466429154605	0.47757466429154605	IFT122
0.0	0.4858634143457953	0.4858634143457953	IFT43
0.0	0.3345432386775023	0.3345432386775023	IFT46
0.0	0.39115029667857865	0.39115029667857865	IFT70A
0.0	0.1255734072464957	0.1255734072464957	IGF2R
0.0	0.11331515896592495	0.11331515896592495	IGFBP6
0.0	0.3455516344080281	0.3455516344080281	IKZF3
0.0	0.7475024110016946	0.7475024110016946	IKZF5
0.0	0.13555709980935934	0.13555709980935934	IL10RB
0.0	0.07954453349630321	0.07954453349630321	IL15
0.0	0.23308590390079106	0.23308590390079106	IL27
0.0	0.4606919831073785	0.4606919831073785	IL27RA
0.0	0.032426731898971606	0.032426731898971606	IL6R
0.0	0.07219894314615342	0.07219894314615342	IL7
0.0	0.0	0.0	IL7R
0.1578791671098087	0.3041498351467599	0.4620290022565686	ILF3
0.0	0.37595608348411497	0.37595608348411497	INCA1
0.1657554840635118	0.07163156536924532	0.23738704943275712	INF2
0.0	0.38740987986031333	0.38740987986031333	INPP4A
0.0	0.15449316408663744	0.15449316408663744	INPP5D
0.0	0.12517058537264508	0.12517058537264508	INPP5F
0.0	0.3819248872406147	0.3819248872406147	INPP5K
0.08062854355817074	0.24989435313892416	0.3305228966970949	INTS14
0.0	0.34871379953707604	0.34871379953707604	INTS8
0.08469642972024628	0.5532111374760821	0.6379075671963284	IP6K1
0.0	0.5885225462739336	0.5885225462739336	IPPK
0.0	0.5990931272462773	0.5990931272462773	IQCK
0.0	0.18193662139364924	0.18193662139364924	IQGAP3
0.13963372849066125	0.15884645203871067	0.2984801805293719	IRAK4
0.0	0.5055088757359154	0.5055088757359154	IRF9
0.0	0.30648408348088446	0.30648408348088446	IRGQ
0.0	0.266661260297644	0.266661260297644	ISCA1
0.3590695263955219	0.42235590790844413	0.781425434303966	ISCU
			ISY1RAB43
0.4558441041761286	0.20227170622243476	0.6581158103985634	ITFG2
0.0	0.025907793553830848	0.025907793553830848	ITGA3
0.0	0.0	0.0	ITGA6
0.0	0.12728951588088042	0.12728951588088042	ITGAL
0.0	0.1974898674660456	0.1974898674660456	ITM2C
0.0	0.3157930787595381	0.3157930787595381	ITPR1
0.08883045318437871	0.13343335585351646	0.22226380903789517	ITPR2
0.1739016810227836	0.15915692276649565	0.33305860378927926	ITPRIPL2
0.0	0.256948196543451	0.256948196543451	IZUMO4
0.25767331003364524	0.1494779247237443	0.40715123475738957	JADE2
0.0	0.06372627901044454	0.06372627901044454	JAK2
0.0	0.6455218099948958	0.6455218099948958	JOSD1
0.2692293648697632	0.17734031380650103	0.4465696786762642	JRKL
0.0	0.4593313907763294	0.4593313907763294	KANSL2
0.0	0.2748549280894724	0.2748549280894724	KAT2A
0.36036522553654005	0.07050886272171698	0.430874088258257	KAT6A
0.0	0.28798479862482407	0.28798479862482407	KAT6B
0.10455448967872376	0.20254855658358692	0.30710304626231066	KATNAL2
0.0	0.30669286958238845	0.30669286958238845	KCNH3
0.284640902116283	0.38051920736635875	0.6651601094826418	KCNK6
0.0	0.36293382598954804	0.36293382598954804	KCTD10
0.0	0.32339109673837557	0.32339109673837557	KCTD12
0.0	0.2718231040368663	0.2718231040368663	KDELR2
0.0	0.6372034238853752	0.6372034238853752	KDM4A
0.3984377930863599	0.0	0.3984377930863599	KDM6A
0.0	0.2651595206216364	0.2651595206216364	KHDRBS1
0.0	0.5788624459542566	0.5788624459542566	KHNYN
0.07285921600675409	0.7669306398648618	0.8397898558716158	KIAA1143
0.2657818524393932	0.3196952389548208	0.585477091394214	KIAA2013
0.800560820336026	0.044570685820335895	0.8451315061563619	KIF16B
0.08119640836764133	0.06182337319789244	0.14301978156553377	KIF1B
0.0	0.15421944077359026	0.15421944077359026	KIF4A
0.0	0.21673171592122986	0.21673171592122986	KIF5B
0.0	0.4896854301592643	0.4896854301592643	KIFAP3
0.04825758664005015	0.3209152169956866	0.36917280363573673	KIFBP
0.0	0.1162821153433656	0.1162821153433656	KLF5
0.0	0.42404654958684884	0.42404654958684884	KLF8
0.24252466843663809	0.02862098298166396	0.27114565141830205	KLHL2
0.10254477230981601	0.030188675567573087	0.1327334478773891	KLHL9
0.07626439324668488	0.2699207750627502	0.3461851683094351	KMT2B
0.0	0.744945874562471	0.744945874562471	KMT2C
0.0	0.4623621864921375	0.4623621864921375	KPNA4
0.0	0.35076387181519697	0.35076387181519697	KRBA1
0.21067265753384118	0.45188796295481454	0.6625606204886557	KRBOX5
0.15976913222529301	0.220306254744388	0.380075386969681	KRR1
0.0	0.0	0.0	KSR1
0.0	0.3551413221122593	0.3551413221122593	KYAT1
0.11747798615684377	0.4436207488824632	0.561098735039307	L3MBTL2
0.0	0.10080961786173896	0.10080961786173896	LACC1
0.09031607999298726	0.6222535011308691	0.7125695811238564	LAGE3
0.0	0.08313333830110727	0.08313333830110727	LAMP2
0.0	0.12694695890619953	0.12694695890619953	LAMP3
0.0	0.12263192187404849	0.12263192187404849	LAMTOR5
0.0	0.341667064716426	0.341667064716426	LARP4
0.3325852358132471	0.4279350595973426	0.7605202954105897	LARP4B
0.0	0.19614558920983255	0.19614558920983255	LARS2
0.0	0.03794972508848414	0.03794972508848414	LBR
0.0	0.4982016663808111	0.4982016663808111	LCK
0.0	0.05273896607011412	0.05273896607011412	LCMT1
0.0	0.5579659940058458	0.5579659940058458	LCMT2
0.0	0.5951124768206567	0.5951124768206567	LENG8
0.06656579510222002	0.12030690711427024	0.18687270221649027	LEO1
0.0	0.41018769816804573	0.41018769816804573	LGALSL
0.0	0.07669974679902938	0.07669974679902938	LGMN
0.0	0.08460704554373821	0.08460704554373821	LHFPL6
0.319833345493096	0.32993238971892225	0.6497657352120183	LIN54
0.257142099652889	0.4999250156475368	0.7570671153004258	LIPT1
0.0	0.4068037210732841	0.4068037210732841	LMAN2L
0.0	0.48227558513007623	0.48227558513007623	LMF2
0.0	0.0	0.0	LNPK
0.0	0.6295379265569013	0.6295379265569013	LPCAT3
0.0	0.38038105873905514	0.38038105873905514	LRP10
0.08815154004309277	0.25637871830015135	0.34453025834324413	LRRC14
0.24074108298467792	0.06575537392417576	0.3064964569088537	LRRC37B
0.0	0.18643789484903855	0.18643789484903855	LRRC47
0.0	0.05252088501722441	0.05252088501722441	LRRC8D
0.17833436439021672	0.2970699384598032	0.4754043028500199	LRRCC1
0.0	0.021058858609922588	0.021058858609922588	LRRN3
0.0	0.6208486936256046	0.6208486936256046	LSM2
0.21802441398299624	0.23616230270431687	0.45418671668731314	LSM4
0.0	0.3075091501434025	0.3075091501434025	LSM5
0.0	0.35539841894749197	0.35539841894749197	LSM7
0.40046779125971294	0.3124554858167296	0.7129232770764425	LTB
0.18996056037198686	0.06850466443842355	0.2584652248104104	LUZP1
0.0	0.48346937592795464	0.48346937592795464	LY6G5C
0.0	0.0254392917347858	0.0254392917347858	LYPLAL1
0.09452915259855874	0.32105461333646057	0.41558376593501933	LYSET
0.0	0.3594501827600848	0.3594501827600848	LZTS2
0.0	0.39802330665883107	0.39802330665883107	MAD1L1
0.0	0.4163236161655955	0.4163236161655955	MAD2L2
0.11866211506236861	0.6763751160380596	0.7950372311004281	MAFG
0.6972756212700271	0.0	0.6972756212700271	MAN2A1
0.0	0.5074123832018353	0.5074123832018353	MAN2C1
0.0	0.25096361081011276	0.25096361081011276	MANBA
0.0	0.14966144474885723	0.14966144474885723	MAP1A
0.0	0.061497570331663774	0.061497570331663774	MAP1LC3B
0.0	0.5792455216794828	0.5792455216794828	MAP2K1
0.0	0.5808993525466505	0.5808993525466505	MAP3K11
0.0	0.18500814420994496	0.18500814420994496	MAP3K21
0.0	0.32745948250560064	0.32745948250560064	MAPK11
0.0	0.22645166146166618	0.22645166146166618	MAPKAPK2
0.37834257027543106	0.17314909933193504	0.5514916696073661	MARCHF5
0.0	0.29881605666859595	0.29881605666859595	MARCKSL1
0.07535799963047526	0.7706536120573201	0.8460116116877954	MARS1
0.0	0.27560541783866704	0.27560541783866704	MAST1
0.29860961802321606	0.20793305430045833	0.5065426723236743	MBD2
0.17949743226788156	0.5479527698701886	0.7274502021380702	MBLAC1
0.0	0.09579159973515683	0.09579159973515683	MBOAT2
0.0	0.180836998702963	0.180836998702963	MCM4
0.0	0.5306863665934937	0.5306863665934937	MCOLN1
0.0	0.14628598292187245	0.14628598292187245	MCPH1
0.0	0.3251354461867133	0.3251354461867133	MCTP2
0.05001759847755595	0.6143285402035151	0.6643461386810711	MDC1
0.0	0.13294014022030354	0.13294014022030354	MDM1
0.0	0.742544206745607	0.742544206745607	MED1
0.0	0.4034984799897067	0.4034984799897067	MED11
0.0	0.0593660397956026	0.0593660397956026	MED13L
0.0	0.3888193997153403	0.3888193997153403	MED27
0.0	0.33048703281345	0.33048703281345	MED31
0.0	0.1344798267443047	0.1344798267443047	MESD
0.12099630598192802	0.29508851709042805	0.41608482307235606	METRN
0.08055669154568602	0.6479585511653532	0.7285152427110392	METTL1
0.0	0.5277071520586942	0.5277071520586942	METTL3
0.0	0.42253815602460537	0.42253815602460537	METTL5
0.0	0.8835781951850855	0.8835781951850855	MFAP1
0.0	0.1817815819176512	0.1817815819176512	MFAP3
0.0	0.2068767888042675	0.2068767888042675	MFSD1
0.0	0.1829342362458966	0.1829342362458966	MFSD11
0.0	0.4195175857324233	0.4195175857324233	MFSD13A
0.17191771970551037	0.3171035977589507	0.4890213174644611	MFSD14B
0.0	0.6599239905660242	0.6599239905660242	MGA
0.0	0.6482560013266926	0.6482560013266926	MGME1
0.0	0.6697238312473055	0.6697238312473055	MIB2
0.0	0.22446001489089482	0.22446001489089482	MICAL1
0.0	0.5916287130878368	0.5916287130878368	MICB
0.0	0.12718125876717484	0.12718125876717484	MIDEAS
0.18348228277002737	0.18397822902844377	0.36746051179847117	MIDN
0.0	0.3362869003579543	0.3362869003579543	MIF
0.0	0.20603195739872113	0.20603195739872113	MINDY3
0.32002699628050896	0.2653279112394858	0.5853549075199947	MIS18BP1
0.0	0.07643512510249004	0.07643512510249004	MKKS
0.0	0.3858472140834693	0.3858472140834693	MKNK1
0.0	0.38670327130116866	0.38670327130116866	MKRN1
0.24131800175702617	0.2974843942979886	0.5388023960550148	MKRN2
0.0	0.21722890708077094	0.21722890708077094	MKS1
0.7774198017193261	0.020535840086221863	0.797955641805548	MLDHR
0.0	0.1984790750614362	0.1984790750614362	MLF2
0.0	0.2775216897387743	0.2775216897387743	MLLT10
0.0	0.7076319781766177	0.7076319781766177	MLST8
0.0	0.4358524160737991	0.4358524160737991	MMADHC
0.0	0.5206668564784519	0.5206668564784519	MMS19
0.0	0.2286287508603577	0.2286287508603577	MOB3B
0.0	0.050833203086721596	0.050833203086721596	MORC3
0.1397935441607255	0.2789146794973096	0.41870822365803506	MOSMO
0.0	0.40698199379604905	0.40698199379604905	MOV10
0.0	0.18819220343421933	0.18819220343421933	MPC1
0.0	0.20814607911223704	0.20814607911223704	MPHOSPH8
0.0	0.28318393435482886	0.28318393435482886	MPHOSPH9
0.0	0.2881446567669834	0.2881446567669834	MPI
0.0	0.11269170776627055	0.11269170776627055	MPP1
0.0	0.40520419581272743	0.40520419581272743	MPPE1
0.0	0.031230727398814676	0.031230727398814676	MPZL1
0.0	0.33494031791163786	0.33494031791163786	MPZL2
0.0	0.023492992426802747	0.023492992426802747	MREG
0.0	0.6629120204779898	0.6629120204779898	MRFAP1L1
0.6032131536785429	0.21167898851729428	0.8148921421958372	MRM1
0.0	0.3647437126349159	0.3647437126349159	MRPL1
0.15176820381698244	0.4792509559738228	0.6310191597908053	MRPL12
0.0	0.25543701285268045	0.25543701285268045	MRPL14
0.0	0.3091907947742819	0.3091907947742819	MRPL16
0.0	0.4082350596290959	0.4082350596290959	MRPL3
0.1561094428567903	0.6750458233033443	0.8311552661601346	MRPL34
0.3865510999228439	0.14298139176948754	0.5295324916923314	MRPL35
0.0	0.8333691608020972	0.8333691608020972	MRPL41
0.0	0.3086480436368323	0.3086480436368323	MRPL42
0.0	0.6915960630857728	0.6915960630857728	MRPL53
0.0	0.3193297551982072	0.3193297551982072	MRPL9
0.0	0.7012701961230055	0.7012701961230055	MRPS21
0.25527532484433796	0.2647817144519628	0.5200570392963008	MRPS22
0.0	0.38770766458812045	0.38770766458812045	MRPS25
0.0	0.07388099283690469	0.07388099283690469	MRPS9
0.0	0.3143441122032288	0.3143441122032288	MRRF
0.0	0.32473739158229814	0.32473739158229814	MRTFA
0.0	0.1928225969300305	0.1928225969300305	MRTO4
0.0	0.2630106836988473	0.2630106836988473	MSANTD7
0.0	0.1794900299079164	0.1794900299079164	MSH2
0.18855289746584256	0.20822079124336085	0.3967736887092034	MSI2
0.0	0.0	0.0	MSN
0.0	0.20458758716658618	0.20458758716658618	MT1G
0.0	0.1584521062769205	0.1584521062769205	MT3
0.0	0.3078528594476839	0.3078528594476839	MTDH
0.0	0.1866983295856804	0.1866983295856804	MTERF2
0.0	0.4365661488154212	0.4365661488154212	MTFR1
0.0	0.3298000275529235	0.3298000275529235	MTFR1L
0.0	0.2878381199797193	0.2878381199797193	MTFR2
0.0	0.2503561667497112	0.2503561667497112	MTHFS
0.0	0.1565452993923993	0.1565452993923993	MTMR9
0.0	0.21914211582480086	0.21914211582480086	MTR
0.0	0.3155299369165911	0.3155299369165911	MTRF1L
0.0	0.2071523358785741	0.2071523358785741	MTX3
0.2126768935326278	0.29358091481220533	0.5062578083448331	MX1
0.0	0.14376749653465337	0.14376749653465337	MXD1
0.0	0.1158554700815148	0.1158554700815148	MXD3
0.0	0.04251750411155939	0.04251750411155939	MYCBP2
0.0	0.5066288378054313	0.5066288378054313	MYDGF
0.0	0.3441271834858056	0.3441271834858056	MYH10
0.0	0.6763299275220398	0.6763299275220398	MYH7B
0.0	0.0	0.0	MYO1E
0.0	0.6635473840203125	0.6635473840203125	MYO1F
0.0	0.20051330690444535	0.20051330690444535	MYSM1
0.10843314999149724	0.2651572745075254	0.37359042449902263	MZT2A
0.0	0.3770734935628776	0.3770734935628776	N4BP3
0.0	0.3234530650283157	0.3234530650283157	NAA25
0.0	0.2874436271921806	0.2874436271921806	NAA30
0.21092921310304297	0.2305846195205069	0.4415138326235499	NABP2
0.0	0.33025275485967037	0.33025275485967037	NACC2
0.0	0.2397605740519596	0.2397605740519596	NAGK
0.0	0.3554139640350982	0.3554139640350982	NAGLU
0.0	0.08705947560872151	0.08705947560872151	NAP1L5
0.0	0.3855528657780129	0.3855528657780129	NAPA
0.0	0.26068990745185006	0.26068990745185006	NARS1
0.0	0.37081816714159166	0.37081816714159166	NASP
0.0	0.13191284340022696	0.13191284340022696	NAT1
0.2887160857611199	0.1521603428977042	0.4408764286588241	NAXD
0.24921508301895703	0.3402897848063069	0.5895048678252639	NBEAL2
0.1823371389161282	0.2747897201920997	0.4571268591082279	NBL1
0.0	0.6851074503314618	0.6851074503314618	NBR1
0.0	0.0	0.0	NCALD
0.0	0.6558577424422611	0.6558577424422611	NCAPD3
0.07247910505703006	0.299657660744709	0.37213676580173904	NCBP2
0.0	0.09834773399321532	0.09834773399321532	NCBP3
0.05878819895750546	0.02574609232943486	0.08453429128694032	NCF4
0.0	0.2523245420957264	0.2523245420957264	NCK1
0.0	0.41206634728259534	0.41206634728259534	NCKIPSD
0.0	0.15417305811867313	0.15417305811867313	NCL
0.0	0.2362961228618282	0.2362961228618282	NDC80
0.3181100900302319	0.23030596645533583	0.5484160564855677	NDST2
0.054735175809861196	0.44716397173070577	0.501899147540567	NDUFAF4
0.0	0.20845046565303202	0.20845046565303202	NDUFAF7
0.0	0.2533818781847434	0.2533818781847434	NDUFAF8
0.1029228691694268	0.30482706101595947	0.4077499301853863	NDUFB11
0.38945794542183454	0.24303019045094804	0.6324881358727825	NDUFB4
0.5076927244166174	0.18075036221471494	0.6884430866313324	NDUFB8
0.0	0.09894651525701383	0.09894651525701383	NECAP1
0.07932745020768203	0.3175488882310562	0.39687633843873826	NECAP2
0.0	0.0	0.0	NECTIN1
0.0	0.03999714050321323	0.03999714050321323	NEDD9
0.0	0.2144785162931989	0.2144785162931989	NEIL3
0.0	0.2755322142489605	0.2755322142489605	NEK1
0.0	0.21617758494470415	0.21617758494470415	NEK3
0.0	0.5852309719512665	0.5852309719512665	NELFB
0.2588927803426452	0.09267435488186511	0.3515671352245103	NEMP2
0.0	0.4183458467867084	0.4183458467867084	NEPRO
0.0	0.6814002325843995	0.6814002325843995	NEURL4
0.0	0.0	0.0	NEXN
0.14247276845692572	0.1254182260440744	0.2678909945010001	NFAT5
0.12540461673180045	0.0673093732772793	0.19271399000907974	NFATC1
0.1479513101943688	0.12008413188360491	0.2680354420779737	NFIL3
0.0	0.35755772184468293	0.35755772184468293	NFKB2
0.0792147902983778	0.19876806352115273	0.27798285381953053	NFKBIE
0.0	0.13441447541648646	0.13441447541648646	NFU1
0.0	0.21929252868069285	0.21929252868069285	NFXL1
0.21614714568461596	0.33478534178722125	0.5509324874718372	NICN1
0.0	0.5948947181960446	0.5948947181960446	NICOL1
0.0	0.026192071172709483	0.026192071172709483	NINJ1
0.1690904947670313	0.2949269834953259	0.46401747826235723	NIPAL3
0.25415490610150215	0.34180675103996916	0.5959616571414713	NIPBL
0.25135584591642995	0.26634705621370103	0.5177029021301309	NKIRAS1
0.0	0.2893358046070966	0.2893358046070966	NLN
0.0	0.0	0.0	NLRP3
0.0	0.6172646838534123	0.6172646838534123	NME2
0.5050543091260844	0.3128756019094375	0.8179299110355218	NME3
0.0	0.726447322538939	0.726447322538939	NOA1
0.0	0.34614166920359724	0.34614166920359724	NOCT
0.0	0.3505214291252424	0.3505214291252424	NOL6
0.0	0.24478627782481036	0.24478627782481036	NOL7
0.2440799504503337	0.5465625522380476	0.7906425026883813	NONO
0.0	0.5258303962452008	0.5258303962452008	NOP10
0.0	0.6636481654965579	0.6636481654965579	NOTCH2
0.4106824643405607	0.1155432521037954	0.5262257164443561	NPC2
0.0	0.1138651021061296	0.1138651021061296	NPL
0.10432713351385887	0.511121283880183	0.6154484173940419	NQO1
0.0	0.2435178582804506	0.2435178582804506	NR2C1
0.19220338343379	0.23052721227746126	0.42273059571125127	NR4A1
0.0	0.051685380806001165	0.051685380806001165	NRROS
0.48050144209968393	0.02943049785254157	0.5099319399522255	NSG1
0.0	0.29653689854002424	0.29653689854002424	NSL1
0.0	0.6986466089520508	0.6986466089520508	NSMAF
0.2366271048252803	0.23794258086818568	0.47456968569346597	NSMCE4A
0.0	0.09520868056733482	0.09520868056733482	NSRP1
0.19560917727791693	0.4191657253973462	0.6147749026752631	NSUN2
0.0	0.4624423065032247	0.4624423065032247	NTAQ1
0.0	0.3096563690044794	0.3096563690044794	NUDT15
0.0	0.3679266510399274	0.3679266510399274	NUDT2
0.14654817013439575	0.12707132156375717	0.2736194916981529	NUFIP1
0.0	0.17409328169155547	0.17409328169155547	NUMB
0.0	0.3566320156902459	0.3566320156902459	NUP62CL
0.0	0.5028601497146492	0.5028601497146492	NUSAP1
0.06625995835063221	0.12531023073613082	0.19157018908676304	NVL
0.34951880509803157	0.1140620830628723	0.46358088816090387	OAS3
0.06235709489426533	0.46103834779436925	0.5233954426886346	OCEL1
0.04534923977410178	0.26527954717238605	0.3106287869464878	ODAD3
0.0	0.08795408254956495	0.08795408254956495	ODC1
0.0	0.0777689541693529	0.0777689541693529	ODF2L
0.161945401484805	0.43178595440151185	0.5937313558863169	OGG1
0.0	0.0	0.0	OPA1
0.0	0.19635174999818106	0.19635174999818106	OPTN
0.26136366070238065	0.4817108672018663	0.743074527904247	ORMDL1
0.0	0.223675233275321	0.223675233275321	ORMDL3
0.0	0.0	0.0	OSBPL10
0.06375260022712548	0.11302030579926335	0.17677290602638884	OSBPL3
0.0	0.5937586384854162	0.5937586384854162	OSGEP
0.0	0.08604189460206225	0.08604189460206225	OTUB2
0.0	0.38209589135414707	0.38209589135414707	OTUD7B
0.17239368696476134	0.44358993300904836	0.6159836199738097	OXCT1
0.0	0.04721667687705115	0.04721667687705115	OXNAD1
0.0	0.3150999871473344	0.3150999871473344	P2RY11
0.0	0.28900832733516796	0.28900832733516796	P4HTM
0.0	0.045243034803544954	0.045243034803544954	PABIR1
0.0	0.6258099056137719	0.6258099056137719	PABIR2
0.0	0.49969017625531753	0.49969017625531753	PABPN1
			PADI4
0.10833915892872596	0.5088465214838791	0.617185680412605	PAGR1
0.0	0.5222005177120845	0.5222005177120845	PAIP1
0.07035858366548269	0.4604242936376409	0.5307828773031236	PAIP2
0.0	0.4861959655533583	0.4861959655533583	PAK1IP1
0.0	0.36683533868235607	0.36683533868235607	PANK4
0.0	0.036266926414935494	0.036266926414935494	PAQR8
0.0	0.3366244197488598	0.3366244197488598	PARG
0.0	0.33705613027406367	0.33705613027406367	PARL
0.0	0.6984692492220206	0.6984692492220206	PARN
0.0	0.11267314534001831	0.11267314534001831	PARP11
0.0	0.16911531691573461	0.16911531691573461	PARP15
0.0	0.06664085661830207	0.06664085661830207	PARVG
0.0	0.3644967953183658	0.3644967953183658	PASK
0.0	0.2915542474517938	0.2915542474517938	PBRM1
0.0	0.7098960100199321	0.7098960100199321	PBX2
0.0	0.1568343512981995	0.1568343512981995	PBX4
0.13214980244096675	0.03439872977621289	0.16654853221717963	PCCA
0.0	0.2434378729650548	0.2434378729650548	PCED1A
0.0	0.2851195913897197	0.2851195913897197	PCGF5
0.0	0.8496790209617114	0.8496790209617114	PCMT1
0.5570947746806272	0.25813348739764347	0.8152282620782707	PCSK7
0.0	0.2545998779529834	0.2545998779529834	PCYT1A
0.0	0.3941444860658854	0.3941444860658854	PDAP1
0.0	0.4294887869323385	0.4294887869323385	PDCD5
0.0	0.339295227073471	0.339295227073471	PDCD7
0.0	0.447417464683723	0.447417464683723	PDE4A
0.28464416610500504	0.5501923061448537	0.8348364722498587	PDF
0.0	0.22568718578169528	0.22568718578169528	PDHA1
0.0	0.2564311933154165	0.2564311933154165	PDIA6
0.0	0.08669780126933557	0.08669780126933557	PDLIM2
0.0	0.06495751057448733	0.06495751057448733	PDLIM5
0.223060080438048	0.11072943594758163	0.33378951638562965	PDP1
0.0	0.18146850872087808	0.18146850872087808	PDP2
0.32619259279420154	0.12621579728846916	0.4524083900826707	PDS5A
0.04074694102488723	0.1252938758028439	0.16604081682773114	PDS5B
			PEDS1UBE2V1
0.0	0.019023341446445543	0.019023341446445543	PELO
0.0	0.3313544712856683	0.3313544712856683	PEMT
0.17714504053133898	0.018115891326833177	0.19526093185817214	PERP
0.0	0.6460660851001225	0.6460660851001225	PEX12
0.09706180311624157	0.6687774018826859	0.7658392049989274	PEX6
0.11969324299604334	0.6371473575086712	0.7568406005047146	PGAM5
0.0	0.09716029452543061	0.09716029452543061	PGAP1
0.0	0.3224229447424543	0.3224229447424543	PGLS
0.0	0.23869751104857423	0.23869751104857423	PGM1
0.07422901612489108	0.5366609981034818	0.6108900142283729	PHACTR4
0.0	0.19621192359122502	0.19621192359122502	PHB1
0.0	0.21401712329273398	0.21401712329273398	PHC3
0.0	0.0	0.0	PHEX
0.04066785775076089	0.7442183910049244	0.7848862487556852	PHF11
0.0	0.2153349896646806	0.2153349896646806	PHF3
0.0	0.18776541370980424	0.18776541370980424	PHF5A
0.0	0.0	0.0	PHKB
0.0	0.542150735742204	0.542150735742204	PHKG2
0.0	0.04043352367683135	0.04043352367683135	PHLDA3
0.30800770401639543	0.44887079209122205	0.7568784961076175	PHTF1
0.23597274276035599	0.13111107033491737	0.3670838130952734	PHTF2
0.0	0.383488876502466	0.383488876502466	PIAS4
0.0	0.18793941261278105	0.18793941261278105	PICK1
0.28222672195257636	0.08838043382765184	0.3706071557802282	PIF1
0.0	0.02787744488961168	0.02787744488961168	PIGC
0.0	0.3403516385836173	0.3403516385836173	PIGM
0.0	0.31455515333680256	0.31455515333680256	PIGU
0.0	0.5386332630850358	0.5386332630850358	PIH1D2
0.0	0.0	0.0	PIM1
0.0	0.559385685047589	0.559385685047589	PIN1
0.14198469717645715	0.2827114957630275	0.4246961929394847	PIN4
0.0	0.6334255939350056	0.6334255939350056	PIP4P2
0.1382170361970471	0.23609706209739711	0.3743140982944442	PIP5KL1
0.0	0.0	0.0	PITRM1
0.39293996241519025	0.12693776816333696	0.5198777305785272	PKM
0.0	0.34270724011230635	0.34270724011230635	PKN2
0.0	0.4677754738211034	0.4677754738211034	PLA2G12A
0.0	0.20667111098013238	0.20667111098013238	PLAGL1
0.0	0.2375656497115189	0.2375656497115189	PLCB2
0.0	0.5986639727050215	0.5986639727050215	PLD3
0.0	0.2548208157014122	0.2548208157014122	PLD6
0.2805081780186124	0.03954574845437686	0.32005392647298925	PLEKHA2
0.0	0.481857228673538	0.481857228673538	PLEKHA3
0.2827835229108342	0.6235730133153523	0.9063565362261865	PLEKHA8
0.0	0.32895264855650397	0.32895264855650397	PLK1
0.14378337547557488	0.0	0.14378337547557488	PLK2
0.0	0.2616614051834456	0.2616614051834456	PLPP5
0.0	0.0971969940525241	0.0971969940525241	PLSCR1
0.0	0.09985045239144585	0.09985045239144585	PLXNA1
0.0	0.16341629066055613	0.16341629066055613	PM20D2
0.0	0.3182813980221431	0.3182813980221431	PNKP
0.0	0.6342530636647343	0.6342530636647343	PNN
0.0	0.3001163598871762	0.3001163598871762	PNO1
0.0	0.8737620003956116	0.8737620003956116	PNPLA4
0.0	0.31590857504097175	0.31590857504097175	PNPO
0.0	0.4680869768311237	0.4680869768311237	PNPT1
0.0	0.4137059777736306	0.4137059777736306	POLD2
0.0	0.2594050935483638	0.2594050935483638	POLD3
0.0	0.18479918017033947	0.18479918017033947	POLD4
0.0	0.18115573876390534	0.18115573876390534	POLE4
0.46207881962187564	0.16113294955909027	0.6232117691809659	POLR1D
0.0	0.3733061478666662	0.3733061478666662	POLR2D
0.08811851115698532	0.3639899139744156	0.4521084251314009	POLR2E
0.0	0.7365207495826539	0.7365207495826539	POLR2G
0.2203026976696801	0.5069794899641955	0.7272821876338756	POLR3G
0.0	0.28437912263154874	0.28437912263154874	POM121
0.15088613732948078	0.1601362736439848	0.3110224109734656	POMGNT1
0.0	0.0630005698425829	0.0630005698425829	POMGNT2
0.0	0.11223874704554385	0.11223874704554385	POMP
0.0	0.25345425741961913	0.25345425741961913	POP5
0.0	0.6086779942677781	0.6086779942677781	PPFIA1
0.0	0.0	0.0	PPFIBP2
0.0810843348321108	0.37357250799635877	0.4546568428284696	PPIA
0.0	0.35337126551902676	0.35337126551902676	PPIE
0.0	0.37745420856106987	0.37745420856106987	PPIH
0.0	0.5088966315609001	0.5088966315609001	PPIL4
0.0800782987862784	0.3271284272377965	0.4072067260240749	PPM1A
0.0	0.6423726314890136	0.6423726314890136	PPP1R11
0.18329245120835577	0.23169761140442469	0.4149900626127805	PPP1R35
0.0	0.8306865181698811	0.8306865181698811	PPP1R37
0.0	0.016134675513924508	0.016134675513924508	PPP1R3B
0.0870359984918211	0.6682276505000584	0.7552636489918795	PPP2R1A
0.15652924918379113	0.11016974211396202	0.26669899129775315	PPP2R5A
0.0	0.37768831193579566	0.37768831193579566	PPP3CB
0.0	0.7571912993402388	0.7571912993402388	PPRC1
0.06408821709878566	0.4479974302966067	0.5120856473953924	PQBP1
0.0	0.04754362468036311	0.04754362468036311	PRDM11
0.0	0.044384042253088056	0.044384042253088056	PREP
0.25531607168747034	0.252616595809904	0.5079326674973743	PRICKLE3
0.0	0.1438535552481997	0.1438535552481997	PRIMPOL
0.0	0.06993771640851601	0.06993771640851601	PRKAB1
0.0	0.2821936818166285	0.2821936818166285	PRKACB
0.0	0.3006923739829845	0.3006923739829845	PRKCH
0.0	0.812769809016862	0.812769809016862	PRPF31
0.0	0.29216801749427307	0.29216801749427307	PRPF38B
0.19122085665617108	0.3961444937560129	0.587365350412184	PRPSAP1
0.0	0.6622123002956763	0.6622123002956763	PRR11
0.16017344611948509	0.42422660897915554	0.5844000550986406	PRR13
0.21685519380020513	0.38476327121788517	0.6016184650180902	PRR14L
0.0	0.2946821986280321	0.2946821986280321	PRRC1
0.0	0.2432369660025522	0.2432369660025522	PSAT1
0.0	0.14147678114693943	0.14147678114693943	PSEN2
0.0	0.3996263799594998	0.3996263799594998	PSMA1
0.21592672700116367	0.5561757648068809	0.7721024918080446	PSMA7
0.12340045653010392	0.4829359680822709	0.6063364246123748	PSMB5
0.10455968478364382	0.19419355251890388	0.2987532373025477	PSMC1
0.0	0.9202420600246527	0.9202420600246527	PSMC2
0.0	0.6631866126357605	0.6631866126357605	PSMC6
0.0	0.22385269552261136	0.22385269552261136	PSMD12
0.0	0.7199676368213581	0.7199676368213581	PSMD2
0.0	0.4445322217663567	0.4445322217663567	PSMD4
0.0	0.26628081813237486	0.26628081813237486	PSMD9
0.48446133270351116	0.06763989234769195	0.5521012250512031	PSME4
0.0	0.24981546034273888	0.24981546034273888	PSMG4
0.2826279952798315	0.3070048289694926	0.5896328242493241	PSPH
0.0	0.05166377875004275	0.05166377875004275	PSTPIP2
0.07836979182704731	0.09338241203022488	0.1717522038572722	PTBP3
0.0	0.23968896065070536	0.23968896065070536	PTCD2
0.0	0.21139543507290864	0.21139543507290864	PTGES2
0.36790292652341894	0.1555792109459341	0.523482137469353	PTGR1
0.2988617303121639	0.590476105988653	0.8893378363008169	PTGR3
0.11257936680164721	0.5307075906189238	0.6432869574205711	PTPMT1
0.0	0.4047854635335923	0.4047854635335923	PTPN23
0.2888785847371863	0.43727436013379833	0.7261529448709847	PTPRCAP
0.0	0.13604490143347334	0.13604490143347334	PTRHD1
0.0	0.04218906468512005	0.04218906468512005	PUM1
0.10560125603788056	0.4987547731700084	0.6043560292078889	PURA
0.15821290103786417	0.5408198435698441	0.6990327446077083	PUS3
0.0	0.15903293839886218	0.15903293839886218	PXK
0.0	0.07021335563454713	0.07021335563454713	PYHIN1
0.09938929985093622	0.19632396261370536	0.2957132624646416	QRSL1
0.0	0.1892976057314162	0.1892976057314162	RAB11FIP2
0.08197240221942023	0.42774812587877437	0.5097205280981946	RAB13
0.23919889261486726	0.19127832400832614	0.4304772166231934	RAB14
0.28987995274225853	0.3322119443008166	0.6220918970430751	RAB3IP
0.0	0.1886066486004026	0.1886066486004026	RAB5A
0.054744296726272526	0.15349608218646887	0.2082403789127414	RAB5IF
0.0	0.3743923139645532	0.3743923139645532	RAB8A
0.0	0.35460649841436953	0.35460649841436953	RAB9A
0.0	0.31480303672749504	0.31480303672749504	RABEP1
0.0	0.6108238920375421	0.6108238920375421	RABGAP1
0.06193977342675488	0.1144797718384075	0.17641954526516238	RABGAP1L
0.5120242188785034	0.46298492639137356	0.9750091452698769	RABGGTB
0.3596372242662627	0.27385919512100376	0.6334964193872665	RAC3
0.0	0.2866950783387479	0.2866950783387479	RACGAP1
0.0	0.24468635763168103	0.24468635763168103	RAD1
0.0	0.1878692340809258	0.1878692340809258	RAD18
0.0	0.1486257059723861	0.1486257059723861	RAD51C
0.031013648988233375	0.3462330104929072	0.3772466594811406	RAD9B
0.31104568509672953	0.07926761308961489	0.3903132981863444	RALA
0.0	0.0	0.0	RALB
0.0	0.31122006690855497	0.31122006690855497	RALBP1
0.2554809384789647	0.26484176307281365	0.5203227015517784	RALY
0.0	0.43926944299247256	0.43926944299247256	RANBP2
0.0	0.057388278020940556	0.057388278020940556	RAPGEF2
0.0	0.44999247960247696	0.44999247960247696	RARS2
0.16575011025650752	0.08954646220402764	0.25529657246053516	RASA1
0.0	0.3313522886348365	0.3313522886348365	RBBP5
0.0	0.2961137133174303	0.2961137133174303	RBM12
0.0	0.40155907325968826	0.40155907325968826	RBM22
0.0	0.4405469434011246	0.4405469434011246	RBM3
0.0	0.03447018380614926	0.03447018380614926	RBM33
0.0	0.28636125165042886	0.28636125165042886	RBM34
0.0	0.6687726330059199	0.6687726330059199	RBM4
0.0	0.895601092199958	0.895601092199958	RBM6
0.0	0.6924872342048641	0.6924872342048641	RBM7
0.18480110217652435	0.20735863281512767	0.392159734991652	RCAN1
0.0	0.0	0.0	RCAN2
0.0	0.29019661753634884	0.29019661753634884	RCBTB2
0.13840253343968734	0.4231847797932243	0.5615873132329117	RCCD1
0.0	0.16741559807175585	0.16741559807175585	RCN2
0.0	0.3084339008663956	0.3084339008663956	RDH11
0.10368843226796728	0.23186910742509478	0.33555753969306207	RDM1
0.0	0.0	0.0	RDX
0.0	0.060774305246957844	0.060774305246957844	RECK
0.0	0.266178041897674	0.266178041897674	RECQL
0.0	0.3462148554116379	0.3462148554116379	RECQL5
0.0	0.3715223887868141	0.3715223887868141	REEP4
0.0	0.13784224037720216	0.13784224037720216	RELL1
0.0	0.0	0.0	RET
0.0	0.15148883923163825	0.15148883923163825	RFK
0.0	0.13138145969925083	0.13138145969925083	RFX7
0.0	0.5628635090700107	0.5628635090700107	RFXANK
0.0	0.13980250898136531	0.13980250898136531	RGS2
0.0	0.08839935604974795	0.08839935604974795	RGS9
0.0	0.2995491027375526	0.2995491027375526	RHBDD1
0.0	0.06342806404795477	0.06342806404795477	RHOD
0.23104745275744318	0.1649325776073683	0.39598003036481144	RHOG
0.19638279719489735	0.20571937745415958	0.40210217464905695	RIBC2
0.3583604013571926	0.07774396318372066	0.4361043645409133	RING1
0.0	0.5038079670076449	0.5038079670076449	RINT1
0.0	0.13630390955901264	0.13630390955901264	RIOK2
0.0	0.1536997110387394	0.1536997110387394	RIPK2
0.18846642582083248	0.23532566550021142	0.4237920913210439	RLF
0.0	0.027689338266703157	0.027689338266703157	RNASEL
0.0	0.2159935843043602	0.2159935843043602	RNF121
0.18377029250646343	0.1603258200486077	0.3440961125550711	RNF13
0.0	0.4271312656717268	0.4271312656717268	RNF138
0.4728776563997088	0.07295775983290904	0.5458354162326179	RNF149
0.20376806465451783	0.39001812622691706	0.5937861908814349	RNF166
0.15250512980810316	0.1650616728779354	0.31756680268603854	RNF19A
0.0	0.15656945741048042	0.15656945741048042	RNF19B
0.0	0.140924792956441	0.140924792956441	RNF20
0.0	0.5835880032633272	0.5835880032633272	RNF207
0.0	0.14508500410671055	0.14508500410671055	RNF227
0.20849048892192298	0.07640109070832794	0.2848915796302509	RNF24
0.0	0.2179475256889683	0.2179475256889683	RPE
0.3153727052146282	0.4184443062297626	0.7338170114443907	RPL13A
0.0	0.5740763574434844	0.5740763574434844	RPL23
0.1477251782820186	0.655626277143191	0.8033514554252096	RPL23A
0.35026881935990545	0.40704551937981426	0.7573143387397197	RPL24
0.2220629779204753	0.24036527001658578	0.46242824793706105	RPL26
0.0	0.14065516644170026	0.14065516644170026	RPL27A
0.3978184316550963	0.36800007887366853	0.7658185105287648	RPL34
0.11743856848344396	0.5836709593478775	0.7011095278313214	RPL35
0.0	0.27690130873283736	0.27690130873283736	RPL39
0.0	0.32069227367262626	0.32069227367262626	RPL9
0.39591299187094625	0.25850624675663436	0.6544192386275807	RPLP0
0.0	0.36034222998595017	0.36034222998595017	RPLP1
0.0	0.3594686363122604	0.3594686363122604	RPN2
0.0	0.13008291943009684	0.13008291943009684	RPP25
0.0	0.043298500291431306	0.043298500291431306	RPP40
0.0	0.28342539473485845	0.28342539473485845	RPRD1B
0.0	0.20913989366147387	0.20913989366147387	RPS13
0.0	0.32950795471151073	0.32950795471151073	RPS19BP1
0.0	0.20732856380441397	0.20732856380441397	RPS20
0.0	0.9037418701156368	0.9037418701156368	RPS25
0.0	0.4551591643253854	0.4551591643253854	RPS27A
0.0	0.30712297672398625	0.30712297672398625	RPS3A
0.0	0.804595881203712	0.804595881203712	RPS7
0.0	0.1281651637161809	0.1281651637161809	RPTOR
0.0	0.7209382176418402	0.7209382176418402	RPUSD2
0.0	0.6647797855280941	0.6647797855280941	RRAS
0.2490696569023593	0.18818401514742752	0.4372536720497868	RRM1
0.0	0.3594512905398857	0.3594512905398857	RRP8
0.0	0.6194557512971905	0.6194557512971905	RRP9
0.49659672180842557	0.4318025255054732	0.9283992473138988	RSF1
0.0	0.4037221455627536	0.4037221455627536	RSL24D1
0.0	0.32188572845931646	0.32188572845931646	RTCA
0.0	0.29991626007151057	0.29991626007151057	RTF2
0.0	0.5982681094222063	0.5982681094222063	RTL8C
0.0	0.4977465526326762	0.4977465526326762	RWDD1
0.2329660390793073	0.28329466487260674	0.516260703951914	RWDD4
0.05398074938157742	0.030016763592063084	0.0839975129736405	S100A11
0.0	0.3759216048441227	0.3759216048441227	S1PR1
0.0	0.0	0.0	SACS
0.0	0.1999593401861249	0.1999593401861249	SAE1
0.37426496913907353	0.5298831204052484	0.9041480895443219	SAFB
0.6448652971940274	0.04642951319637241	0.6912948103903999	SAMD3
0.0	0.2417160729562577	0.2417160729562577	SAMD9
0.0	0.08224511884391984	0.08224511884391984	SAMHD1
0.0	0.404635716582218	0.404635716582218	SAP18
0.24968102469453837	0.23228981528423823	0.4819708399787766	SAP30
0.0	0.2839774634563394	0.2839774634563394	SAPCD2
0.0	0.32236393822773746	0.32236393822773746	SAR1A
0.0	0.04668602060732804	0.04668602060732804	SAYSD1
0.0	0.0	0.0	SBF2
0.0	0.18947566498558047	0.18947566498558047	SCAF4
0.0	0.28888271288402695	0.28888271288402695	SCAMP1
0.0	0.5173130621157301	0.5173130621157301	SCAMP4
0.14953331661003766	0.29765670980502174	0.4471900264150594	SCAND1
0.42633083711042297	0.0507891161544886	0.4771199532649116	SCARB1
0.0	0.25856934730984305	0.25856934730984305	SCARB2
0.0	0.5595292837854984	0.5595292837854984	SCFD2
0.0	0.2574760348666486	0.2574760348666486	SCLY
0.11196256669423767	0.45301205068620604	0.5649746173804437	SDCCAG8
0.0	0.19789112120030986	0.19789112120030986	SDE2
0.0	0.09155183457326903	0.09155183457326903	SDR42E1
0.08077751743700662	0.6079059863604216	0.6886835037974282	SEC13
0.0	0.5452126427141502	0.5452126427141502	SEC22A
0.0	0.515436757874855	0.515436757874855	SEC22C
0.0	0.8129534153489029	0.8129534153489029	SEC23B
0.0	0.23898528873625804	0.23898528873625804	SEC24D
0.0	0.19724394239708018	0.19724394239708018	SEC63
0.0	0.296671650727887	0.296671650727887	SELENOT
0.31080346265619424	0.14082070823638665	0.4516241708925809	SEM1
0.0	0.07897750659728217	0.07897750659728217	SEMA7A
0.0	0.4044434106143671	0.4044434106143671	SEPSECS
0.18775086071389271	0.31065577900786856	0.49840663972176125	SEPTIN1
0.0	0.6490076371061659	0.6490076371061659	SERPINB9
0.0	0.1346818389951262	0.1346818389951262	SERPINH1
0.35445674683628187	0.06559864518225579	0.42005539201853764	SESN3
0.5272399672498328	0.3156612725695183	0.8429012398193512	SF1
0.0	0.3059413503400835	0.3059413503400835	SF3A3
0.0	0.5289209661473759	0.5289209661473759	SF3B2
0.0	0.2715644845033893	0.2715644845033893	SFXN2
0.0	0.44238627367753586	0.44238627367753586	SFXN4
0.0	0.5205086686978684	0.5205086686978684	SGK1
0.0	0.3788581746024858	0.3788581746024858	SGPP1
0.0	0.0	0.0	SH2D1A
0.0	0.3949763198610303	0.3949763198610303	SH2D3A
0.25260236733659774	0.385410710613372	0.6380130779499698	SHARPIN
0.19626052833051288	0.24022229134347636	0.4364828196739893	SHMT1
0.0	0.43683944949702574	0.43683944949702574	SHMT2
0.0	0.4797954572733984	0.4797954572733984	SHPRH
0.0	0.24379783054360193	0.24379783054360193	SHROOM1
0.0	0.20686453788563045	0.20686453788563045	SIAE
0.0	0.10321773986045911	0.10321773986045911	SINHCAF
0.0	0.03528987406781427	0.03528987406781427	SIRPG
0.0	0.6235141987158133	0.6235141987158133	SIRT2
0.09865887223090951	0.3137296330611221	0.41238850529203164	SKA1
0.0	0.1065199425207701	0.1065199425207701	SLAMF7
0.0	0.0	0.0	SLC10A7
0.0	0.44076272677600686	0.44076272677600686	SLC15A4
0.6311962569349412	0.0	0.6311962569349412	SLC16A7
0.0	0.015258296084809553	0.015258296084809553	SLC19A1
0.45651701883951207	0.14277390945244742	0.5992909282919595	SLC1A5
0.16006490344783678	0.0692473891835408	0.2293122926313776	SLC20A1
0.0	0.26604326085446717	0.26604326085446717	SLC25A11
0.0	0.1856342681128776	0.1856342681128776	SLC25A17
0.0	0.3666350559250934	0.3666350559250934	SLC25A19
0.06424442605992878	0.7572417817425341	0.8214862078024628	SLC25A22
0.15587715894388662	0.3364965631297154	0.49237372207360197	SLC25A40
0.0	0.3293482619508951	0.3293482619508951	SLC25A5
0.0	0.2594729336780929	0.2594729336780929	SLC25A6
0.0	0.020833582998295637	0.020833582998295637	SLC29A3
0.22532728786736025	0.19198029175806586	0.4173075796254261	SLC2A8
0.0	0.49883668381472224	0.49883668381472224	SLC31A2
0.14365065614697942	0.25731685635299	0.4009675124999694	SLC33A1
0.0	0.22977802615305226	0.22977802615305226	SLC35C1
0.26143324512459776	0.15336344935262955	0.41479669447722733	SLC35E4
0.26490828288816576	0.27431224582187064	0.5392205287100365	SLC37A1
0.0	0.1870188212432789	0.1870188212432789	SLC38A9
0.0	0.02558242723180559	0.02558242723180559	SLC39A10
0.0	0.47105604287407254	0.47105604287407254	SLC39A3
0.26793087755368317	0.3390732832593564	0.6070041608130395	SLC39A6
0.0	0.29261809255981674	0.29261809255981674	SLC41A1
0.0	0.09092045903882201	0.09092045903882201	SLC43A3
0.3066750538808619	0.0879953022622953	0.3946703561431572	SLC4A7
0.12518085206996768	0.522903911464989	0.6480847635349567	SLC66A2
0.0	0.14415540635213625	0.14415540635213625	SLC7A6OS
0.0	0.0626502556615836	0.0626502556615836	SLF1
0.34231239258436397	0.143899320159499	0.486211712743863	SLFN5
0.06665703713172245	0.28701068403000374	0.3536677211617262	SLK
0.0	0.6066677822449815	0.6066677822449815	SLMAP
0.07577860566156716	0.46709330252686365	0.5428719081884308	SLX4
0.0	0.07126844871063326	0.07126844871063326	SMC3
0.0	0.1434117106260683	0.1434117106260683	SMC5
0.0	0.6274915211227022	0.6274915211227022	SMG5
0.0	0.39295647341680956	0.39295647341680956	SMIM19
0.0	0.08780087325738589	0.08780087325738589	SMIM20
0.0	0.662632705894881	0.662632705894881	SMIM7
0.3256247211892008	0.3412161512909697	0.6668408724801705	SMTN
0.0	0.49193208716101594	0.49193208716101594	SNAP29
0.0	0.5233340984329591	0.5233340984329591	SNRNP35
0.0	0.47298232603871887	0.47298232603871887	SNRPC
0.0	0.584488003957439	0.584488003957439	SNRPD1
0.0	0.3902779350572679	0.3902779350572679	SNRPD3
0.07721924495016122	0.5368536701070132	0.6140729150571744	SNRPG
0.0	0.8178851291820999	0.8178851291820999	SNRPN
0.2912561266462431	0.09395293449119542	0.3852090611374385	SNX11
0.0	0.0	0.0	SNX13
0.0	0.17162859971096348	0.17162859971096348	SNX2
0.11673478983259282	0.5343028513578228	0.6510376411904156	SNX33
0.0	0.2421210348942032	0.2421210348942032	SOD2
0.0	0.40387895420579517	0.40387895420579517	SPAG5
0.0	0.636748469864463	0.636748469864463	SPATA33
0.17383319558698132	0.19256619896634392	0.36639939455332526	SPC24
0.0	0.3681937678953383	0.3681937678953383	SPEN
0.0	0.21022246734852246	0.21022246734852246	SPG11
0.4112397314621065	0.0863713342673458	0.49761106572945235	SPIRE1
0.0	0.26388799545291275	0.26388799545291275	SPNS1
0.0	0.17972446112274587	0.17972446112274587	SPPL3
0.0	0.08091401620959573	0.08091401620959573	SPR
0.19798221801350363	0.08532307012922943	0.28330528814273304	SPRING1
0.0	0.19670747394916555	0.19670747394916555	SPRYD7
0.0	0.3703629387739203	0.3703629387739203	SPTY2D1
0.0	0.2957322010295398	0.2957322010295398	SRBD1
0.0	0.37071159475027216	0.37071159475027216	SRD5A3
0.0	0.5070236558008153	0.5070236558008153	SRPRA
0.15440914122054922	0.5720145221406062	0.7264236633611554	SRRT
0.38213108815233615	0.23933009749617515	0.6214611856485113	SRSF3
0.3141793104024767	0.4210427303882126	0.7352220407906893	SRSF9
0.23789554547856423	0.26713592943898445	0.5050314749175486	SS18
0.0	0.5599422295477513	0.5599422295477513	SSNA1
0.0	0.33913047193271717	0.33913047193271717	SSR1
0.0	0.16801513416009592	0.16801513416009592	SSX2IP
0.0	0.0	0.0	ST3GAL1
0.0	0.07668296946977693	0.07668296946977693	ST3GAL4
0.0	0.046102113858445336	0.046102113858445336	STAM2
0.0	0.20294300456372183	0.20294300456372183	STAT4
0.0	0.14578790449642906	0.14578790449642906	STAT6
0.0	0.6763479120298388	0.6763479120298388	STC2
0.0	0.016714328353095366	0.016714328353095366	STIMATE
0.0	0.41830578085347303	0.41830578085347303	STK11IP
0.0	0.0	0.0	STK24
0.20089846607308487	0.10760605635175237	0.3085045224248372	STK26
0.0	0.29150159705682593	0.29150159705682593	STK3
0.0	0.4436662867189824	0.4436662867189824	STK36
0.15591430815341525	0.08627242711669787	0.24218673527011314	STK38L
0.3832264861326191	0.40729723319508765	0.7905237193277068	STOML2
0.1524104804513711	0.12068038190223819	0.2730908623536093	STRAP
0.0	0.3659615607054283	0.3659615607054283	STX12
0.28919182640358126	0.18086478733524702	0.4700566137388283	STX16
0.0	0.8403902483767108	0.8403902483767108	STX5
0.20172329517008583	0.28442633570141307	0.4861496308714989	STXBP1
0.0	0.15046644296683512	0.15046644296683512	STYXL1
0.0	0.048403155282615566	0.048403155282615566	SUB1
0.5050441517107168	0.06414553564975224	0.569189687360469	SUCLG2
0.11846638524695051	0.3453740723224578	0.46384045756940834	SUGP1
0.0	0.31362112445382	0.31362112445382	SUMO2
0.0	0.5162270925695122	0.5162270925695122	SUOX
0.0	0.5656721675266757	0.5656721675266757	SURF2
0.0	0.714258784449197	0.714258784449197	SVBP
0.6027473466699272	0.06860987556217063	0.6713572222320978	SVIL
0.0	0.29203037666640136	0.29203037666640136	SVIP
0.0	0.27215554374890355	0.27215554374890355	SYF2
0.0	0.0	0.0	SYK
0.0	0.6058904636081339	0.6058904636081339	SYMPK
0.0	0.0	0.0	SYNE3
0.0	0.20165619258703352	0.20165619258703352	SYNGR2
0.0	0.12375726677429226	0.12375726677429226	SYNRG
0.0	0.7791839507848861	0.7791839507848861	SYT11
0.0	0.0	0.0	TAB3
0.0	0.03147200525153456	0.03147200525153456	TAF1B
0.0	0.1220692578486137	0.1220692578486137	TAF1C
0.0	0.6798370251640304	0.6798370251640304	TAFAZZIN
0.0	0.031501786372097634	0.031501786372097634	TANK
0.0	0.7387535636142888	0.7387535636142888	TAOK2
0.1510781877254956	0.040161577318086124	0.19123976504358173	TAPBPL
0.0	0.43937237105142324	0.43937237105142324	TARDBP
0.0	0.2515851922910401	0.2515851922910401	TATDN1
0.0	0.3064364235495803	0.3064364235495803	TBC1D10A
0.0	0.20465167299502504	0.20465167299502504	TBC1D23
0.20362807297194535	0.0	0.20362807297194535	TBC1D32
0.0	0.5321252863605611	0.5321252863605611	TBC1D9B
0.0	0.45316457093267876	0.45316457093267876	TBCC
0.08408712807952236	0.03695949236494229	0.12104662044446465	TBCK
0.10756911019109926	0.1317008794190278	0.23926998961012708	TBL1XR1
0.0	0.7543637906310058	0.7543637906310058	TBL3
0.0	0.46079747812017363	0.46079747812017363	TBRG4
0.16813181649166475	0.5961725557840617	0.7643043722757265	TBX6
0.0	0.09649659301084969	0.09649659301084969	TBXAS1
0.20006575537518553	0.22106818061028663	0.42113393598547216	TCEA1
0.0	0.2626035069699346	0.2626035069699346	TCEAL1
0.0	0.17830279257168796	0.17830279257168796	TCF20
0.0	0.37727037291746396	0.37727037291746396	TCF25
0.0	0.09305477782371896	0.09305477782371896	TCHP
0.0	0.17346139094228918	0.17346139094228918	TCTN3
0.0	0.4746959644766538	0.4746959644766538	TDP2
0.0	0.04113350547336526	0.04113350547336526	TDRD7
0.07198216176876408	0.48434205155828786	0.556324213327052	TECR
0.0	0.4895751874208811	0.4895751874208811	TEN1
0.0	0.019368691430484797	0.019368691430484797	TENT5C
0.0	0.0882657473704028	0.0882657473704028	TERF1
0.0	0.3167475207490655	0.3167475207490655	TESMIN
0.0	0.34796684498575053	0.34796684498575053	TET2
0.0	0.26498182257846226	0.26498182257846226	TFAM
0.0	0.5213351048647173	0.5213351048647173	TFCP2
0.12149967617435056	0.6381103314805424	0.759610007654893	TFE3
0.17698907426238114	0.2699937235319239	0.44698279779430505	TFEB
0.661379405468842	0.06719654562994054	0.7285759510987826	TFG
0.0	0.5717468960884428	0.5717468960884428	TGDS
0.0	0.37207583298332686	0.37207583298332686	TGFB1
0.0	0.1496159019407086	0.1496159019407086	TGFBR2
0.4536379542615561	0.1730998445764727	0.6267377988380288	TGIF1
0.18688496996229584	0.2129108519494676	0.39979582191176344	THAP11
0.0	0.6026426241581397	0.6026426241581397	THAP4
0.07660961325042893	0.5166162783345818	0.5932258915850107	THAP8
0.0	0.3879759845356329	0.3879759845356329	THEMIS
0.0	0.3067572181729502	0.3067572181729502	THNSL1
0.0	0.020153750766228204	0.020153750766228204	THOC3
0.0	0.41066660845635067	0.41066660845635067	THOC5
0.0	0.47822869474799623	0.47822869474799623	THRAP3
0.0	0.18922978238441265	0.18922978238441265	TICAM1
0.20616628857484687	0.3193889707969657	0.5255552593718126	TICRR
0.0	0.18837353445638574	0.18837353445638574	TIFA
0.38152488359896797	0.18648036409816662	0.5680052476971346	TIGD6
0.0	0.5466091528312196	0.5466091528312196	TIGD7
0.0	0.6985747401836133	0.6985747401836133	TIMM8A
0.0	0.20895451587856195	0.20895451587856195	TLE6
0.0	0.0	0.0	TLR4
0.1621691358700927	0.7382736154958394	0.9004427513659321	TM7SF2
0.24174831980278516	0.01528842433087918	0.25703674413366434	TM9SF3
0.0	0.4082708412139197	0.4082708412139197	TM9SF4
0.1957853552629286	0.23296402270020225	0.42874937796313084	TMBIM4
0.1958378789813152	0.3379263949648467	0.5337642739461619	TMCO6
0.0	0.14022797293877076	0.14022797293877076	TMED10
0.21279338959440422	0.5495311275935925	0.7623245171879967	TMEM102
0.0	0.14116230128726776	0.14116230128726776	TMEM106C
0.5471489526972426	0.1891596659458351	0.7363086186430777	TMEM115
0.0	0.27838066771147213	0.27838066771147213	TMEM117
0.21648752671785618	0.4264562044053284	0.6429437311231846	TMEM126B
0.2665860119661887	0.2035340624589043	0.47012007442509296	TMEM129
0.09692479313980597	0.3234589238887268	0.4203837170285328	TMEM138
0.0	0.19800220783518777	0.19800220783518777	TMEM168
0.0	0.07242394263574845	0.07242394263574845	TMEM18
0.0	0.32994483695997817	0.32994483695997817	TMEM19
0.0	0.6035321961480667	0.6035321961480667	TMEM199
0.0	0.5220854718013445	0.5220854718013445	TMEM214
0.44978132092104167	0.15711035800901976	0.6068916789300615	TMEM218
0.0	0.20024977658887028	0.20024977658887028	TMEM222
0.0	0.20636106410108496	0.20636106410108496	TMEM237
0.0	0.4800451175993917	0.4800451175993917	TMEM241
0.0	0.38568858948841467	0.38568858948841467	TMEM41B
0.0	0.4164739711882359	0.4164739711882359	TMEM43
0.0	0.19977556884694575	0.19977556884694575	TMEM53
0.20648214538366036	0.28615249514698454	0.4926346405306449	TMEM80
0.10448933712725979	0.09453711570604603	0.19902645283330583	TMPO
0.0	0.2693224260008513	0.2693224260008513	TMTC3
0.0	0.12513635706689452	0.12513635706689452	TNFRSF10B
0.09889623844175947	0.47805808147578877	0.5769543199175482	TNFRSF12A
0.1830910394962747	0.019823254796054	0.2029142942923287	TNFRSF1B
			TNFSF12TNFSF13
0.0	0.044556492476479484	0.044556492476479484	TNFSF8
0.0	0.02169588690969212	0.02169588690969212	TNIK
0.0	0.0	0.0	TNIP3
0.0	0.1650727055433712	0.1650727055433712	TNPO3
0.0	0.45224180359040217	0.45224180359040217	TOMM34
0.0	0.6336496211646713	0.6336496211646713	TOMM40
0.27668001237835993	0.09943245204783646	0.3761124644261964	TOMM40L
0.0	0.15742318414872417	0.15742318414872417	TOMM7
0.0	0.5334944118595528	0.5334944118595528	TONSL
0.0	0.3151961433594188	0.3151961433594188	TOP1MT
0.0	0.1170008423171992	0.1170008423171992	TOP3B
0.0	0.34293381965271263	0.34293381965271263	TOPBP1
0.0	0.7956220826424705	0.7956220826424705	TOPORS
0.0	0.8818245200179287	0.8818245200179287	TOR1AIP2
0.0	0.4038368636787246	0.4038368636787246	TOR1B
0.0	0.1264514552239576	0.1264514552239576	TPCN1
0.32127322343715065	0.3168875501506685	0.6381607735878192	TPMT
0.0	0.20137614227048894	0.20137614227048894	TPST1
0.0	0.10258807694547782	0.10258807694547782	TPST2
0.29976244220160003	0.1874125006522392	0.4871749428538392	TRA2A
0.0	0.4784770359559677	0.4784770359559677	TRABD2A
0.0	0.0	0.0	TRAF5
0.0	0.1505375835517518	0.1505375835517518	TRAF6
0.0	0.17893086764513524	0.17893086764513524	TRAP1
0.0	0.11675831595585007	0.11675831595585007	TRAPPC10
0.0	0.3699825541729873	0.3699825541729873	TRAPPC5
0.2019074055648855	0.5096906473018309	0.7115980528667164	TRIP11
0.11274251257377879	0.49381635232787524	0.606558864901654	TRMT1L
0.0	0.43370505752603866	0.43370505752603866	TRPM4
0.0	0.9823444755680402	0.9823444755680402	TRPT1
0.1199103445541321	0.03127751157561445	0.15118785612974656	TRPV2
0.0	0.6122198816386952	0.6122198816386952	TRUB2
0.0	0.04276474938646354	0.04276474938646354	TSKU
0.07655789998791919	0.6712938447839292	0.7478517447718483	TSPAN10
0.14027010182278732	0.029646351446890037	0.16991645326967736	TSPAN14
0.0	0.5448714571041916	0.5448714571041916	TSPAN15
0.0	0.43969554255421534	0.43969554255421534	TSPAN4
0.31911056008597527	0.3341919016858801	0.6533024617718554	TSPO
0.0	0.23869023474624668	0.23869023474624668	TTC1
0.0	0.2005451444437951	0.2005451444437951	TTC12
0.1492133404282127	0.37669303977047186	0.5259063801986845	TTC19
0.0	0.2616071923921925	0.2616071923921925	TTC21B
0.0	0.334320970288436	0.334320970288436	TTC27
0.5389014013320065	0.14430429866991384	0.6832057000019203	TTC32
0.0	0.4586030415763421	0.4586030415763421	TTI2
0.0	0.5101842936248545	0.5101842936248545	TTLL3
			TTPAL
0.0	0.5372861945591869	0.5372861945591869	TUBA1B
0.2676070037726935	0.5959131081763278	0.8635201119490212	TUBA4A
0.0	0.5288742121283425	0.5288742121283425	TUSC2
0.0	0.4154960951496555	0.4154960951496555	TUT1
0.14166075506706494	0.2521178124007956	0.39377856746786055	TVP23C
0.0	0.3553225207664255	0.3553225207664255	TXNDC11
0.0	0.29255277269250657	0.29255277269250657	TXNL4B
0.0	0.25053016681210843	0.25053016681210843	TXNRD2
0.0	0.2909036206045263	0.2909036206045263	TYW5
0.0	0.22319720100316293	0.22319720100316293	UBA2
0.0	0.7062316827180717	0.7062316827180717	UBALD1
0.0	0.49631517853271767	0.49631517853271767	UBE2G1
0.0	0.22692531853223807	0.22692531853223807	UBE2G2
0.0	0.09578890658143002	0.09578890658143002	UBE2H
0.0	0.35528179529837156	0.35528179529837156	UBE2Q1
0.0	0.5495142667502926	0.5495142667502926	UBE2Z
0.21323147411191665	0.0	0.21323147411191665	UBL3
0.167639864878699	0.31896052826708693	0.48660039314578596	UBN2
0.0	0.1917736053395555	0.1917736053395555	UBOX5
0.21591664591982554	0.18358201637327015	0.3994986622930957	UBP1
0.0	0.4161704576420108	0.4161704576420108	UBQLN4
0.0	0.22881322494037032	0.22881322494037032	UBXN4
0.0	0.2882268076037798	0.2882268076037798	UCP2
0.15386523776753472	0.1623065765640097	0.3161718143315444	UFD1
0.10118813289267811	0.39903189311921666	0.5002200260118947	UHMK1
0.0	0.3734856680020537	0.3734856680020537	UIMC1
0.0	0.3805572712997168	0.3805572712997168	UNC93B1
0.3778130535522355	0.2961075261105287	0.6739205796627642	UNG
0.11404652985849109	0.6231759974921993	0.7372225273506904	UQCC3
0.1295798787562028	0.5256487399691566	0.6552286187253594	UQCC4
0.0	0.6862406627356866	0.6862406627356866	UQCC6
0.0	0.5633700968447273	0.5633700968447273	UQCR11
			URGCPMRPS24
0.0	0.3774977751073657	0.3774977751073657	USO1
0.24176276278142486	0.13912759556623558	0.38089035834766044	USP12
0.12688462541488538	0.4508889285463643	0.5777735539612496	USP16
0.1894621346987208	0.5382795321102869	0.7277416668090078	USP21
0.0	0.13138394217911814	0.13138394217911814	USP22
0.2655433628330513	0.24897333626542636	0.5145166990984776	USP3
0.05260309625355075	0.1814159845649812	0.23401908081853195	USP32
0.277962299837473	0.07923466533512404	0.357196965172597	USP36
0.33420576146264613	0.11237781906920087	0.446583580531847	USP37
0.0	0.34564718058550137	0.34564718058550137	USP4
0.0	0.3322197824161835	0.3322197824161835	USP45
0.0	0.5548915809428145	0.5548915809428145	USP5
0.0	0.1942653184561381	0.1942653184561381	UTP14A
0.0	0.21606190579818904	0.21606190579818904	UTP20
0.0	0.1602780834365002	0.1602780834365002	VAMP2
0.0	0.7932621884408887	0.7932621884408887	VAMP5
0.16456731060167318	0.24842815552536837	0.4129954661270415	VARS2
0.0	0.6489327580621073	0.6489327580621073	VCF1
0.1387899368842652	0.2401303673385162	0.3789203042227814	VCPIP1
0.0	0.2863749986105792	0.2863749986105792	VCPKMT
0.0	0.8026268340488515	0.8026268340488515	VIPAS39
0.0	0.0	0.0	VIPR2
0.16826775356733453	0.2644005486585843	0.43266830222591884	VMP1
0.0	0.4127999180449905	0.4127999180449905	VNN2
0.14543301618929047	0.029917833948994856	0.17535085013828533	VPS13C
0.0	0.18240539295637478	0.18240539295637478	VPS26C
0.0	0.14706194153589877	0.14706194153589877	VPS50
0.0	0.11424515998356777	0.11424515998356777	VRK1
0.0	0.12103829176331199	0.12103829176331199	VSIR
0.0	0.2534332899098399	0.2534332899098399	WASHC3
0.0	0.2557073592003438	0.2557073592003438	WASHC5
0.0	0.5294038338011023	0.5294038338011023	WBP2
0.0	0.33766776568423634	0.33766776568423634	WBP4
0.0	0.2046497814749455	0.2046497814749455	WDFY1
0.14508330444117506	0.2771297590097006	0.42221306345087567	WDHD1
0.0	0.05018069525345395	0.05018069525345395	WDR1
0.0	0.4128266746374805	0.4128266746374805	WDR27
0.0	0.6879256004249106	0.6879256004249106	WDR46
0.0	0.24883644183592607	0.24883644183592607	WDR5
0.0	0.30870784128918755	0.30870784128918755	WDR59
0.0	0.08726428247536236	0.08726428247536236	WDR75
0.0	0.2115259849075652	0.2115259849075652	WDR81
0.1341275391940287	0.2054033133136912	0.33953085250771986	WDR83OS
0.475109409402601	0.345378740725629	0.82048815012823	WDR90
0.0	0.10630051153442559	0.10630051153442559	WDSUB1
0.3884750866271235	0.16599423143456052	0.554469318061684	WHAMM
0.0	0.13401214185444957	0.13401214185444957	WIPI1
0.0	0.19537176685643406	0.19537176685643406	WSB2
0.0751552937584858	0.5859998031963304	0.6611550969548162	WWOX
0.43070715490659783	0.16124951835537107	0.5919566732619689	XBP1
0.0	0.8763783627537295	0.8763783627537295	XCL1
0.0	0.5071977062045575	0.5071977062045575	XPNPEP1
0.6403994571939002	0.10172356045453373	0.7421230176484339	XPO1
0.0	0.3178482337690018	0.3178482337690018	XPO5
0.0	0.05000945829822871	0.05000945829822871	XPO6
0.0	0.3792764613749754	0.3792764613749754	XPOT
0.0	0.24430097868488368	0.24430097868488368	XRCC6
0.0	0.1103946277315081	0.1103946277315081	XRN1
0.0	0.2027284355426423	0.2027284355426423	XRRA1
0.03983821005275321	0.4828128401693665	0.5226510502221197	YARS2
0.09748561114756901	0.2752893803762637	0.37277499152383275	YBEY
0.0	0.41824764257591673	0.41824764257591673	YIPF1
0.0	0.02590185396143459	0.02590185396143459	YIPF6
0.0	0.3217148665882564	0.3217148665882564	YKT6
0.1318298278140856	0.4984334510384522	0.6302632788525377	YME1L1
0.0	0.08963802178272735	0.08963802178272735	YTHDC1
0.0	0.45704420835311604	0.45704420835311604	YTHDF2
0.5410963143925225	0.0975610329295079	0.6386573473220304	YY1
0.0	0.41010964259906374	0.41010964259906374	ZBED2
0.0	0.6844136135339627	0.6844136135339627	ZBTB2
0.08438100928022554	0.6630599987306246	0.7474410080108501	ZBTB48
0.0	0.2596449560684656	0.2596449560684656	ZC2HC1A
0.20622002116740223	0.22586441444490837	0.4320844356123106	ZC3H12A
0.1321141259340835	0.11827680902977215	0.25039093496385567	ZC3H13
0.0	0.2094557339878419	0.2094557339878419	ZC3H14
0.0	0.2389532887743888	0.2389532887743888	ZC3H8
0.0	0.19293882988305625	0.19293882988305625	ZCCHC2
0.0	0.03683433748506676	0.03683433748506676	ZCCHC7
0.0	0.21068629894463486	0.21068629894463486	ZCCHC9
0.0	0.8128891785286229	0.8128891785286229	ZDHHC12
0.0	0.557866362180478	0.557866362180478	ZDHHC14
0.10606051822677073	0.10767534636203711	0.21373586458880783	ZDHHC17
0.0	0.3190085198711269	0.3190085198711269	ZDHHC18
0.0	0.6393535868145469	0.6393535868145469	ZDHHC5
0.0	0.06269721647748926	0.06269721647748926	ZDHHC6
0.0	0.23396945631218777	0.23396945631218777	ZDHHC7
0.0	0.15741024630811196	0.15741024630811196	ZFAND4
0.0	0.24226830063716456	0.24226830063716456	ZFP36
0.0	0.18298203779309638	0.18298203779309638	ZFP62
0.0	0.7905660781080384	0.7905660781080384	ZFP69
0.1318195311804795	0.42600731835387085	0.5578268495343504	ZFP91
0.0	0.0	0.0	ZG16B
0.0	0.614559712681514	0.614559712681514	ZKSCAN8
0.0	0.008967900308348384	0.008967900308348384	ZMIZ1
0.0	0.3374618459205733	0.3374618459205733	ZMYM4
0.0	0.22531875125351858	0.22531875125351858	ZNF131
0.12206116849475317	0.3739968126525096	0.4960579811472628	ZNF14
0.0	0.08234275644468951	0.08234275644468951	ZNF148
0.0	0.11840676374115265	0.11840676374115265	ZNF182
0.0	0.12872361468762508	0.12872361468762508	ZNF184
0.0	0.19708748829303852	0.19708748829303852	ZNF213
0.1277494504594265	0.0	0.1277494504594265	ZNF217
0.0	0.9740333187835989	0.9740333187835989	ZNF226
0.0	0.4213965769603512	0.4213965769603512	ZNF239
0.1043064854227346	0.7921150894401474	0.896421574862882	ZNF260
0.0	0.0	0.0	ZNF281
0.0	0.2909418800702157	0.2909418800702157	ZNF282
0.0	0.3666551349856611	0.3666551349856611	ZNF337
0.0	0.1570891254713282	0.1570891254713282	ZNF33B
0.06325163557747769	0.7408737896585256	0.8041254252360033	ZNF354B
0.0	0.15959047817540634	0.15959047817540634	ZNF395
0.0	0.7755922682875946	0.7755922682875946	ZNF43
0.0758863123049727	0.40029990266900134	0.47618621497397406	ZNF440
0.0	0.577427447556796	0.577427447556796	ZNF445
0.0	0.8806115146397407	0.8806115146397407	ZNF45
0.0	0.7022695002558684	0.7022695002558684	ZNF451
0.0	0.9535917398751935	0.9535917398751935	ZNF470
0.0	0.2794674629443529	0.2794674629443529	ZNF490
0.0	0.3721331926456342	0.3721331926456342	ZNF500
0.0	0.484393361966231	0.484393361966231	ZNF512B
0.0	0.5841014849793197	0.5841014849793197	ZNF517
0.0	0.9322867345291459	0.9322867345291459	ZNF530
0.0	0.8697341102954401	0.8697341102954401	ZNF543
0.0	0.6974194053331543	0.6974194053331543	ZNF559
0.0	0.27184135081969774	0.27184135081969774	ZNF561
0.11165350044893248	0.629488169176051	0.7411416696249835	ZNF565
0.10251712481256754	0.7532366608729513	0.8557537856855189	ZNF568
0.0	0.9629219014746114	0.9629219014746114	ZNF570
0.056858530549733964	0.778002973613067	0.834861504162801	ZNF573
0.0	0.37955618999360363	0.37955618999360363	ZNF574
0.0	0.3856098579840772	0.3856098579840772	ZNF593
0.0	0.8995760907901591	0.8995760907901591	ZNF600
0.0	0.8246601595951845	0.8246601595951845	ZNF606
0.0	0.9284554157451783	0.9284554157451783	ZNF615
0.0	0.5096142055468266	0.5096142055468266	ZNF620
0.08312063605346129	0.5156123500836052	0.5987329861370665	ZNF628
0.3029260736487864	0.2816867866789939	0.5846128603277803	ZNF655
0.1925881353510095	0.6448690959852269	0.8374572313362364	ZNF668
0.0	0.865018286508302	0.865018286508302	ZNF671
0.0	0.8894264265093603	0.8894264265093603	ZNF680
0.086883136517674	0.45652006110057886	0.5434031976182528	ZNF707
0.0	0.28781711113837083	0.28781711113837083	ZNF710
0.0	0.5611700946397015	0.5611700946397015	ZNF714
0.0	0.3035902060996223	0.3035902060996223	ZNF721
0.0	0.775235040613421	0.775235040613421	ZNF726
0.0	0.3420433875117102	0.3420433875117102	ZNF76
0.0	0.6328672244937951	0.6328672244937951	ZNF761
0.0	0.23900997261604476	0.23900997261604476	ZNF775
0.0	0.356982283158498	0.356982283158498	ZNF778
0.0	0.516358006593149	0.516358006593149	ZNF780B
0.0	0.5776621994897211	0.5776621994897211	ZNF787
0.0340770389157291	0.6312375556053957	0.6653145945211248	ZNF799
0.07031273019640717	0.81599765228401	0.8863103824804172	ZNF84
0.0	0.7862864618319773	0.7862864618319773	ZNF850
0.0	0.3749748147649403	0.3749748147649403	ZNF90
0.13548628008681032	0.3949865974955831	0.5304728775823935	ZNF92
0.0	0.5322740377104477	0.5322740377104477	ZNHIT1
0.0	0.1973516136036218	0.1973516136036218	ZNHIT3
0.25152942544037077	0.3933860025365073	0.6449154279768781	ZRANB2
0.0	0.5783374494161543	0.5783374494161543	ZSCAN12
0.0	0.20626774661622624	0.20626774661622624	ZSWIM9
0.0	0.17576312982183379	0.17576312982183379	ZYX
